[
  {
    "EshopId": "1",
    "IconUrl": "https:\/\/cdn.wiiuusbhelper.com\/wiiu\/info\/icons\/0005000010102172.png",
    "Name": "RetroArch",
    "Platform": 10,
    "ProductCode": "ARCH",
    "Region": "ALL",
    "Size": "9345708",
    "TitleId": "0005000010102172",
    "PreLoad": false,
    "Version": "",
    "DiscOnly": false
  },
  {
    "EshopId": "1",
    "IconUrl": "https:\/\/cdn.wiiuusbhelper.com\/wiiu\/info\/icons\/00050000101999FE.png",
    "Name": "Nintendont (Forwarder)",
    "Platform": 10,
    "ProductCode": "VAFE",
    "Region": "ALL",
    "Size": "10722320",
    "TitleId": "00050000101999FE",
    "PreLoad": false,
    "Version": "",
    "DiscOnly": false
  },
  {
    "EshopId": "1",
    "IconUrl": "https:\/\/cdn.wiiuusbhelper.com\/wiiu\/info\/icons\/00050000101999FF.png",
    "Name": "Nintendont",
    "Platform": 10,
    "ProductCode": "VAFP",
    "Region": "ALL",
    "Size": "10722320",
    "TitleId": "00050000101999FF",
    "PreLoad": false,
    "Version": "",
    "DiscOnly": false
  },
  {
    "EshopId": "1",
    "IconUrl": "http:\/\/cdn.wiiuusbhelper.com\/wiiu\/info\/icons\/0005000013374842.png",
    "Name": "Homebrew Launcher",
    "Platform": 10,
    "ProductCode": "HBLD",
    "Region": "ALL",
    "Size": "8460904",
    "TitleId": "0005000013374842",
    "PreLoad": false,
    "Version": "",
    "DiscOnly": false
  }
]