[
  {
    "EshopId": "1",
    "IconUrl": "https:\/\/cdn.wiiuusbhelper.com\/wiiu\/info\/icons\/000500001C424B45.png",
    "Name": "Banjo Kazooie",
    "Platform": 658,
    "ProductCode": "NBKE",
    "Region": "USA",
    "Size": "38673068",
    "TitleId": "000500001C424B45",
    "PreLoad": false,
    "Version": "",
    "DiscOnly": false
  },
  {
    "EshopId": "1",
    "IconUrl": "https:\/\/cdn.wiiuusbhelper.com\/wiiu\/info\/icons\/000500001C424B4A.png",
    "Name": "Banjo Kazooie",
    "Platform": 658,
    "ProductCode": "NBKJ",
    "Region": "JPN",
    "Size": "38673068",
    "TitleId": "000500001C424B4A",
    "PreLoad": false,
    "Version": "",
    "DiscOnly": false
  },
  {
    "EshopId": "1",
    "IconUrl": "https:\/\/cdn.wiiuusbhelper.com\/wiiu\/info\/icons\/000500001C424B50.png",
    "Name": "Banjo Kazooie",
    "Platform": 658,
    "ProductCode": "NBKP",
    "Region": "EUR",
    "Size": "38673068",
    "TitleId": "000500001C424B50",
    "PreLoad": false,
    "Version": "",
    "DiscOnly": false
  },
  {
    "EshopId": "1",
    "IconUrl": "https:\/\/cdn.wiiuusbhelper.com\/wiiu\/info\/icons\/000500001D435445.png",
    "Name": "Chrono Trigger",
    "Platform": 657,
    "ProductCode": "SCTE",
    "Region": "USA",
    "Size": "1",
    "TitleId": "000500001D435445",
    "PreLoad": true,
    "Version": "",
    "DiscOnly": false
  },
  {
    "EshopId": "1",
    "IconUrl": "https:\/\/cdn.wiiuusbhelper.com\/wiiu\/info\/icons\/000500001D43544A.png",
    "Name": "Chrono Trigger",
    "Platform": 657,
    "ProductCode": "SCTJ",
    "Region": "JPN",
    "Size": "1",
    "TitleId": "000500001D43544A",
    "PreLoad": true,
    "Version": "",
    "DiscOnly": false
  },
  {
    "EshopId": "1",
    "IconUrl": "https:\/\/cdn.wiiuusbhelper.com\/wiiu\/info\/icons\/000500001E465245.png",
    "Name": "New Super Mario Bros. Wii ANDY AFRO'S Custom Collection Volume 8.",
    "Platform": 656,
    "ProductCode": "AFRE01",
    "Region": "ALL",
    "Size": "446995492",
    "TitleId": "000500001E465245",
    "PreLoad": false,
    "Version": "",
    "DiscOnly": false
  },
  {
    "EshopId": "1",
    "IconUrl": "https:\/\/cdn.wiiuusbhelper.com\/wiiu\/info\/icons\/000500001E4D3845.png",
    "Name": "Mario Party 8",
    "Platform": 656,
    "ProductCode": "RM8E01",
    "Region": "USA",
    "Size": "1486789748",
    "TitleId": "000500001E4D3845",
    "PreLoad": false,
    "Version": "",
    "DiscOnly": false
  },
  {
    "EshopId": "1",
    "IconUrl": "https:\/\/cdn.wiiuusbhelper.com\/wiiu\/info\/icons\/000500001E4D384A.png",
    "Name": "Mario Party 8",
    "Platform": 656,
    "ProductCode": "RM8J01",
    "Region": "JPN",
    "Size": "1486789748",
    "TitleId": "000500001E4D384A",
    "PreLoad": false,
    "Version": "",
    "DiscOnly": false
  },
  {
    "EshopId": "1",
    "IconUrl": "https:\/\/cdn.wiiuusbhelper.com\/wiiu\/info\/icons\/000500001E4D3850.png",
    "Name": "Mario Party 8",
    "Platform": 656,
    "ProductCode": "RM8P01",
    "Region": "EUR",
    "Size": "1486789748",
    "TitleId": "000500001E4D3850",
    "PreLoad": false,
    "Version": "",
    "DiscOnly": false
  },
  {
    "EshopId": "1",
    "IconUrl": "https:\/\/cdn.wiiuusbhelper.com\/wiiu\/info\/icons\/000500001E4D4545.png",
    "Name": "New Super Mario Bros. Wii 11 American Revolution",
    "Platform": 656,
    "ProductCode": "AMEE01",
    "Region": "ALL",
    "Size": "450796580",
    "TitleId": "000500001E4D4545",
    "PreLoad": false,
    "Version": "",
    "DiscOnly": false
  },
  {
    "EshopId": "1",
    "IconUrl": "https:\/\/cdn.wiiuusbhelper.com\/wiiu\/info\/icons\/000500001E4F5745.png",
    "Name": "Okami",
    "Platform": 656,
    "ProductCode": "ROWE08",
    "Region": "USA",
    "Size": "4442332544",
    "TitleId": "000500001E4F5745",
    "PreLoad": false,
    "Version": "",
    "DiscOnly": false
  },
  {
    "EshopId": "1",
    "IconUrl": "https:\/\/cdn.wiiuusbhelper.com\/wiiu\/info\/icons\/000500001E4F574A.png",
    "Name": "Okami",
    "Platform": 656,
    "ProductCode": "ROWJ08",
    "Region": "JPN",
    "Size": "4442332544",
    "TitleId": "000500001E4F574A",
    "PreLoad": false,
    "Version": "",
    "DiscOnly": false
  },
  {
    "EshopId": "1",
    "IconUrl": "https:\/\/cdn.wiiuusbhelper.com\/wiiu\/info\/icons\/000500001E4F5750.png",
    "Name": "Okami",
    "Platform": 656,
    "ProductCode": "ROWP08",
    "Region": "EUR",
    "Size": "4442332544",
    "TitleId": "000500001E4F5750",
    "PreLoad": false,
    "Version": "",
    "DiscOnly": false
  },
  {
    "EshopId": "1",
    "IconUrl": "https:\/\/cdn.wiiuusbhelper.com\/wiiu\/info\/icons\/000500001E534245.png",
    "Name": "Super Smash Bros. Brawl",
    "Platform": 656,
    "ProductCode": "RSBE01",
    "Region": "USA",
    "Size": "7360192140",
    "TitleId": "000500001E534245",
    "PreLoad": false,
    "Version": "",
    "DiscOnly": false
  },
  {
    "EshopId": "1",
    "IconUrl": "https:\/\/cdn.wiiuusbhelper.com\/wiiu\/info\/icons\/000500001E53424A.png",
    "Name": "Super Smash Bros. Brawl",
    "Platform": 656,
    "ProductCode": "RSBJ01",
    "Region": "JPN",
    "Size": "7360192140",
    "TitleId": "000500001E53424A",
    "PreLoad": false,
    "Version": "",
    "DiscOnly": false
  },
  {
    "EshopId": "1",
    "IconUrl": "https:\/\/cdn.wiiuusbhelper.com\/wiiu\/info\/icons\/000500001E534250.png",
    "Name": "Super Smash Bros. Brawl",
    "Platform": 656,
    "ProductCode": "RSBP01",
    "Region": "EUR",
    "Size": "7360192140",
    "TitleId": "000500001E534250",
    "PreLoad": false,
    "Version": "",
    "DiscOnly": false
  },
  {
    "EshopId": "1",
    "IconUrl": "https:\/\/cdn.wiiuusbhelper.com\/wiiu\/info\/icons\/000500001E534D42.png",
    "Name": "Another Super Mario Bros. Wii",
    "Platform": 656,
    "ProductCode": "ASMB01",
    "Region": "ALL",
    "Size": "610901048",
    "TitleId": "000500001E534D42",
    "PreLoad": false,
    "Version": "",
    "DiscOnly": false
  },
  {
    "EshopId": "1",
    "IconUrl": "https:\/\/cdn.wiiuusbhelper.com\/wiiu\/info\/icons\/000500001E535145.png",
    "Name": "Mario Party 9",
    "Platform": 656,
    "ProductCode": "SSQE01",
    "Region": "USA",
    "Size": "849255500",
    "TitleId": "000500001E535145",
    "PreLoad": false,
    "Version": "",
    "DiscOnly": false
  },
  {
    "EshopId": "1",
    "IconUrl": "https:\/\/cdn.wiiuusbhelper.com\/wiiu\/info\/icons\/000500001E53514A.png",
    "Name": "Mario Party 9",
    "Platform": 656,
    "ProductCode": "SSQJ01",
    "Region": "JPN",
    "Size": "849255500",
    "TitleId": "000500001E53514A",
    "PreLoad": false,
    "Version": "",
    "DiscOnly": false
  },
  {
    "EshopId": "1",
    "IconUrl": "https:\/\/cdn.wiiuusbhelper.com\/wiiu\/info\/icons\/000500001E535150.png",
    "Name": "Mario Party 9",
    "Platform": 656,
    "ProductCode": "SSQP01",
    "Region": "EUR",
    "Size": "849255500",
    "TitleId": "000500001E535150",
    "PreLoad": false,
    "Version": "",
    "DiscOnly": false
  },
  {
    "EshopId": "1",
    "IconUrl": "https:\/\/cdn.wiiuusbhelper.com\/wiiu\/info\/icons\/000500001E555545.png",
    "Name": "Animal Crossing: City Folk",
    "Platform": 656,
    "ProductCode": "RUUE01",
    "Region": "USA",
    "Size": "366582820",
    "TitleId": "000500001E555545",
    "PreLoad": false,
    "Version": "",
    "DiscOnly": false
  },
  {
    "EshopId": "1",
    "IconUrl": "https:\/\/cdn.wiiuusbhelper.com\/wiiu\/info\/icons\/000500001E55554A.png",
    "Name": "Animal Crossing: City Folk",
    "Platform": 656,
    "ProductCode": "RUUJ01",
    "Region": "JPN",
    "Size": "366582820",
    "TitleId": "000500001E55554A",
    "PreLoad": false,
    "Version": "",
    "DiscOnly": false
  },
  {
    "EshopId": "1",
    "IconUrl": "https:\/\/cdn.wiiuusbhelper.com\/wiiu\/info\/icons\/000500001E555550.png",
    "Name": "Animal Crossing: City Folk",
    "Platform": 656,
    "ProductCode": "RUUP01",
    "Region": "EUR",
    "Size": "366582820",
    "TitleId": "000500001E555550",
    "PreLoad": false,
    "Version": "",
    "DiscOnly": false
  },
  {
    "EshopId": "1",
    "IconUrl": "https:\/\/cdn.wiiuusbhelper.com\/wiiu\/info\/icons\/000500001F324D45.png",
    "Name": "Metroid Prime 2: Echoes",
    "Platform": 655,
    "ProductCode": "G2ME01",
    "Region": "USA",
    "Size": "1477549172",
    "TitleId": "000500001F324D45",
    "PreLoad": false,
    "Version": "",
    "DiscOnly": false
  },
  {
    "EshopId": "1",
    "IconUrl": "https:\/\/cdn.wiiuusbhelper.com\/wiiu\/info\/icons\/000500001F324D4A.png",
    "Name": "Metroid Prime 2: Echoes",
    "Platform": 655,
    "ProductCode": "G2MJ01",
    "Region": "JPN",
    "Size": "1477549172",
    "TitleId": "000500001F324D4A",
    "PreLoad": false,
    "Version": "",
    "DiscOnly": false
  },
  {
    "EshopId": "1",
    "IconUrl": "https:\/\/cdn.wiiuusbhelper.com\/wiiu\/info\/icons\/000500001F324D50.png",
    "Name": "Metroid Prime 2: Echoes",
    "Platform": 655,
    "ProductCode": "G2MP01",
    "Region": "EUR",
    "Size": "1477549172",
    "TitleId": "000500001F324D50",
    "PreLoad": false,
    "Version": "",
    "DiscOnly": false
  },
  {
    "EshopId": "1",
    "IconUrl": "https:\/\/cdn.wiiuusbhelper.com\/wiiu\/info\/icons\/000500001F325645.png",
    "Name": "Viewtiful Joe 2",
    "Platform": 655,
    "ProductCode": "G2VE08",
    "Region": "USA",
    "Size": "1532533876",
    "TitleId": "000500001F325645",
    "PreLoad": false,
    "Version": "",
    "DiscOnly": false
  },
  {
    "EshopId": "1",
    "IconUrl": "https:\/\/cdn.wiiuusbhelper.com\/wiiu\/info\/icons\/000500001F32564A.png",
    "Name": "Viewtiful Joe 2",
    "Platform": 655,
    "ProductCode": "G2VJ08",
    "Region": "JPN",
    "Size": "1532533876",
    "TitleId": "000500001F32564A",
    "PreLoad": false,
    "Version": "",
    "DiscOnly": false
  },
  {
    "EshopId": "1",
    "IconUrl": "https:\/\/cdn.wiiuusbhelper.com\/wiiu\/info\/icons\/000500001F325650.png",
    "Name": "Viewtiful Joe 2",
    "Platform": 655,
    "ProductCode": "G2VP08",
    "Region": "EUR",
    "Size": "1532533876",
    "TitleId": "000500001F325650",
    "PreLoad": false,
    "Version": "",
    "DiscOnly": false
  },
  {
    "EshopId": "1",
    "IconUrl": "https:\/\/cdn.wiiuusbhelper.com\/wiiu\/info\/icons\/000500001F325845.png",
    "Name": "Sonic Gems Collection",
    "Platform": 655,
    "ProductCode": "G2XE8P",
    "Region": "USA",
    "Size": "1447337076",
    "TitleId": "000500001F325845",
    "PreLoad": false,
    "Version": "",
    "DiscOnly": false
  },
  {
    "EshopId": "1",
    "IconUrl": "https:\/\/cdn.wiiuusbhelper.com\/wiiu\/info\/icons\/000500001F32584A.png",
    "Name": "Sonic Gems Collection",
    "Platform": 655,
    "ProductCode": "G2XJ8P",
    "Region": "JPN",
    "Size": "1447337076",
    "TitleId": "000500001F32584A",
    "PreLoad": false,
    "Version": "",
    "DiscOnly": false
  },
  {
    "EshopId": "1",
    "IconUrl": "https:\/\/cdn.wiiuusbhelper.com\/wiiu\/info\/icons\/000500001F325850.png",
    "Name": "Sonic Gems Collection",
    "Platform": 655,
    "ProductCode": "G2XP8P",
    "Region": "EUR",
    "Size": "1447337076",
    "TitleId": "000500001F325850",
    "PreLoad": false,
    "Version": "",
    "DiscOnly": false
  },
  {
    "EshopId": "1",
    "IconUrl": "https:\/\/cdn.wiiuusbhelper.com\/wiiu\/info\/icons\/000500001F395345.png",
    "Name": "Sonic Heroes",
    "Platform": 655,
    "ProductCode": "G9SE8P",
    "Region": "USA",
    "Size": "1326292064",
    "TitleId": "000500001F395345",
    "PreLoad": false,
    "Version": "",
    "DiscOnly": false
  },
  {
    "EshopId": "1",
    "IconUrl": "https:\/\/cdn.wiiuusbhelper.com\/wiiu\/info\/icons\/000500001F39534A.png",
    "Name": "Sonic Heroes",
    "Platform": 655,
    "ProductCode": "G9SJ8P",
    "Region": "JPN",
    "Size": "1326292064",
    "TitleId": "000500001F39534A",
    "PreLoad": false,
    "Version": "",
    "DiscOnly": false
  },
  {
    "EshopId": "1",
    "IconUrl": "https:\/\/cdn.wiiuusbhelper.com\/wiiu\/info\/icons\/000500001F395350.png",
    "Name": "Sonic Heroes",
    "Platform": 655,
    "ProductCode": "G9SP8P",
    "Region": "EUR",
    "Size": "1326292064",
    "TitleId": "000500001F395350",
    "PreLoad": false,
    "Version": "",
    "DiscOnly": false
  },
  {
    "EshopId": "1",
    "IconUrl": "https:\/\/cdn.wiiuusbhelper.com\/wiiu\/info\/icons\/000500001F424945.png",
    "Name": "Resident Evil",
    "Platform": 655,
    "ProductCode": "GBIE08",
    "Region": "USA",
    "Size": "3073088748",
    "TitleId": "000500001F424945",
    "PreLoad": false,
    "Version": "",
    "DiscOnly": false
  },
  {
    "EshopId": "1",
    "IconUrl": "https:\/\/cdn.wiiuusbhelper.com\/wiiu\/info\/icons\/000500001F42494A.png",
    "Name": "Resident Evil",
    "Platform": 655,
    "ProductCode": "GBIJ08",
    "Region": "JPN",
    "Size": "3073088748",
    "TitleId": "000500001F42494A",
    "PreLoad": false,
    "Version": "",
    "DiscOnly": false
  },
  {
    "EshopId": "1",
    "IconUrl": "https:\/\/cdn.wiiuusbhelper.com\/wiiu\/info\/icons\/000500001F424950.png",
    "Name": "Resident Evil",
    "Platform": 655,
    "ProductCode": "GBIP08",
    "Region": "EUR",
    "Size": "3073088748",
    "TitleId": "000500001F424950",
    "PreLoad": false,
    "Version": "",
    "DiscOnly": false
  },
  {
    "EshopId": "1",
    "IconUrl": "https:\/\/cdn.wiiuusbhelper.com\/wiiu\/info\/icons\/000500001F425A45.png",
    "Name": "Resident Evil Zero",
    "Platform": 655,
    "ProductCode": "GBZE08",
    "Region": "USA",
    "Size": "2733087960",
    "TitleId": "000500001F425A45",
    "PreLoad": false,
    "Version": "",
    "DiscOnly": false
  },
  {
    "EshopId": "1",
    "IconUrl": "https:\/\/cdn.wiiuusbhelper.com\/wiiu\/info\/icons\/000500001F425A4A.png",
    "Name": "Resident Evil Zero",
    "Platform": 655,
    "ProductCode": "GBZJ08",
    "Region": "JPN",
    "Size": "2733087960",
    "TitleId": "000500001F425A4A",
    "PreLoad": false,
    "Version": "",
    "DiscOnly": false
  },
  {
    "EshopId": "1",
    "IconUrl": "https:\/\/cdn.wiiuusbhelper.com\/wiiu\/info\/icons\/000500001F425A50.png",
    "Name": "Resident Evil Zero",
    "Platform": 655,
    "ProductCode": "GBZP08",
    "Region": "EUR",
    "Size": "2733087960",
    "TitleId": "000500001F425A50",
    "PreLoad": false,
    "Version": "",
    "DiscOnly": false
  },
  {
    "EshopId": "1",
    "IconUrl": "https:\/\/cdn.wiiuusbhelper.com\/wiiu\/info\/icons\/000500001F433645.png",
    "Name": "Pok\u00e9mon Colosseum",
    "Platform": 655,
    "ProductCode": "GC6E01",
    "Region": "USA",
    "Size": "758160440",
    "TitleId": "000500001F433645",
    "PreLoad": false,
    "Version": "",
    "DiscOnly": false
  },
  {
    "EshopId": "1",
    "IconUrl": "https:\/\/cdn.wiiuusbhelper.com\/wiiu\/info\/icons\/000500001F43364A.png",
    "Name": "Pok\u00e9mon Colosseum",
    "Platform": 655,
    "ProductCode": "GC6J01",
    "Region": "JPN",
    "Size": "758160440",
    "TitleId": "000500001F43364A",
    "PreLoad": false,
    "Version": "",
    "DiscOnly": false
  },
  {
    "EshopId": "1",
    "IconUrl": "https:\/\/cdn.wiiuusbhelper.com\/wiiu\/info\/icons\/000500001F433650.png",
    "Name": "Pok\u00e9mon Colosseum",
    "Platform": 655,
    "ProductCode": "GC6P01",
    "Region": "EUR",
    "Size": "758160440",
    "TitleId": "000500001F433650",
    "PreLoad": false,
    "Version": "",
    "DiscOnly": false
  },
  {
    "EshopId": "1",
    "IconUrl": "https:\/\/cdn.wiiuusbhelper.com\/wiiu\/info\/icons\/000500001F434345.png",
    "Name": "Final Fantasy Crystal Chronicles",
    "Platform": 655,
    "ProductCode": "GCCE01",
    "Region": "USA",
    "Size": "1317575776",
    "TitleId": "000500001F434345",
    "PreLoad": false,
    "Version": "",
    "DiscOnly": false
  },
  {
    "EshopId": "1",
    "IconUrl": "https:\/\/cdn.wiiuusbhelper.com\/wiiu\/info\/icons\/000500001F43434A.png",
    "Name": "Final Fantasy Crystal Chronicles",
    "Platform": 655,
    "ProductCode": "GCCJ01",
    "Region": "JPN",
    "Size": "1317575776",
    "TitleId": "000500001F43434A",
    "PreLoad": false,
    "Version": "",
    "DiscOnly": false
  },
  {
    "EshopId": "1",
    "IconUrl": "https:\/\/cdn.wiiuusbhelper.com\/wiiu\/info\/icons\/000500001F434350.png",
    "Name": "Final Fantasy Crystal Chronicles",
    "Platform": 655,
    "ProductCode": "GCCP01",
    "Region": "EUR",
    "Size": "1317575776",
    "TitleId": "000500001F434350",
    "PreLoad": false,
    "Version": "",
    "DiscOnly": false
  },
  {
    "EshopId": "1",
    "IconUrl": "https:\/\/cdn.wiiuusbhelper.com\/wiiu\/info\/icons\/000500001F434445.png",
    "Name": "Resident Evil Code: Veronica X",
    "Platform": 655,
    "ProductCode": "GCDE08",
    "Region": "USA",
    "Size": "2733087960",
    "TitleId": "000500001F434445",
    "PreLoad": false,
    "Version": "",
    "DiscOnly": false
  },
  {
    "EshopId": "1",
    "IconUrl": "https:\/\/cdn.wiiuusbhelper.com\/wiiu\/info\/icons\/000500001F43444A.png",
    "Name": "Resident Evil Code: Veronica X",
    "Platform": 655,
    "ProductCode": "GCDJ08",
    "Region": "JPN",
    "Size": "2733087960",
    "TitleId": "000500001F43444A",
    "PreLoad": false,
    "Version": "",
    "DiscOnly": false
  },
  {
    "EshopId": "1",
    "IconUrl": "https:\/\/cdn.wiiuusbhelper.com\/wiiu\/info\/icons\/000500001F434450.png",
    "Name": "Resident Evil Code: Veronica X",
    "Platform": 655,
    "ProductCode": "GCDP08",
    "Region": "EUR",
    "Size": "2733087960",
    "TitleId": "000500001F434450",
    "PreLoad": false,
    "Version": "",
    "DiscOnly": false
  },
  {
    "EshopId": "1",
    "IconUrl": "https:\/\/cdn.wiiuusbhelper.com\/wiiu\/info\/icons\/000500001F445545.png",
    "Name": "Another Super Mario Bros. Wii",
    "Platform": 656,
    "ProductCode": "PDUE01",
    "Region": "ALL",
    "Size": "400989220",
    "TitleId": "000500001F445545",
    "PreLoad": true,
    "Version": "",
    "DiscOnly": false
  },
  {
    "EshopId": "1",
    "IconUrl": "https:\/\/cdn.wiiuusbhelper.com\/wiiu\/info\/icons\/000500001F463745.png",
    "Name": "Star Fox: Assault",
    "Platform": 655,
    "ProductCode": "GF7E01",
    "Region": "USA",
    "Size": "1542102132",
    "TitleId": "000500001F463745",
    "PreLoad": false,
    "Version": "",
    "DiscOnly": false
  },
  {
    "EshopId": "1",
    "IconUrl": "https:\/\/cdn.wiiuusbhelper.com\/wiiu\/info\/icons\/000500001F46374A.png",
    "Name": "Star Fox: Assault",
    "Platform": 655,
    "ProductCode": "GF7J01",
    "Region": "JPN",
    "Size": "1542102132",
    "TitleId": "000500001F46374A",
    "PreLoad": false,
    "Version": "",
    "DiscOnly": false
  },
  {
    "EshopId": "1",
    "IconUrl": "https:\/\/cdn.wiiuusbhelper.com\/wiiu\/info\/icons\/000500001F463750.png",
    "Name": "Star Fox: Assault",
    "Platform": 655,
    "ProductCode": "GF7P01",
    "Region": "EUR",
    "Size": "1542102132",
    "TitleId": "000500001F463750",
    "PreLoad": false,
    "Version": "",
    "DiscOnly": false
  },
  {
    "EshopId": "1",
    "IconUrl": "https:\/\/cdn.wiiuusbhelper.com\/wiiu\/info\/icons\/000500001F464545.png",
    "Name": "Fire Emblem: Path of Radiance",
    "Platform": 655,
    "ProductCode": "GFEE01",
    "Region": "USA",
    "Size": "1423481972",
    "TitleId": "000500001F464545",
    "PreLoad": false,
    "Version": "",
    "DiscOnly": false
  },
  {
    "EshopId": "1",
    "IconUrl": "https:\/\/cdn.wiiuusbhelper.com\/wiiu\/info\/icons\/000500001F46454A.png",
    "Name": "Fire Emblem: Path of Radiance",
    "Platform": 655,
    "ProductCode": "GFEJ01",
    "Region": "JPN",
    "Size": "1423481972",
    "TitleId": "000500001F46454A",
    "PreLoad": false,
    "Version": "",
    "DiscOnly": false
  },
  {
    "EshopId": "1",
    "IconUrl": "https:\/\/cdn.wiiuusbhelper.com\/wiiu\/info\/icons\/000500001F464550.png",
    "Name": "Fire Emblem: Path of Radiance",
    "Platform": 655,
    "ProductCode": "GFEP01",
    "Region": "EUR",
    "Size": "1423481972",
    "TitleId": "000500001F464550",
    "PreLoad": false,
    "Version": "",
    "DiscOnly": false
  },
  {
    "EshopId": "1",
    "IconUrl": "https:\/\/cdn.wiiuusbhelper.com\/wiiu\/info\/icons\/000500001F484145.png",
    "Name": "Resident Evil 2",
    "Platform": 655,
    "ProductCode": "GHAE08",
    "Region": "USA",
    "Size": "1505533044",
    "TitleId": "000500001F484145",
    "PreLoad": false,
    "Version": "",
    "DiscOnly": false
  },
  {
    "EshopId": "1",
    "IconUrl": "https:\/\/cdn.wiiuusbhelper.com\/wiiu\/info\/icons\/000500001F48414A.png",
    "Name": "Resident Evil 2",
    "Platform": 655,
    "ProductCode": "GHAJ08",
    "Region": "JPN",
    "Size": "1505533044",
    "TitleId": "000500001F48414A",
    "PreLoad": false,
    "Version": "",
    "DiscOnly": false
  },
  {
    "EshopId": "1",
    "IconUrl": "https:\/\/cdn.wiiuusbhelper.com\/wiiu\/info\/icons\/000500001F484150.png",
    "Name": "Resident Evil 2",
    "Platform": 655,
    "ProductCode": "GHAP08",
    "Region": "EUR",
    "Size": "1505533044",
    "TitleId": "000500001F484150",
    "PreLoad": false,
    "Version": "",
    "DiscOnly": false
  },
  {
    "EshopId": "1",
    "IconUrl": "https:\/\/cdn.wiiuusbhelper.com\/wiiu\/info\/icons\/000500001F4C4545.png",
    "Name": "Resident Evil 3: Nemesis",
    "Platform": 655,
    "ProductCode": "GLEE08",
    "Region": "USA",
    "Size": "962567244",
    "TitleId": "000500001F4C4545",
    "PreLoad": false,
    "Version": "",
    "DiscOnly": false
  },
  {
    "EshopId": "1",
    "IconUrl": "https:\/\/cdn.wiiuusbhelper.com\/wiiu\/info\/icons\/000500001F4C454A.png",
    "Name": "Resident Evil 3: Nemesis",
    "Platform": 655,
    "ProductCode": "GLEJ08",
    "Region": "JPN",
    "Size": "962567244",
    "TitleId": "000500001F4C454A",
    "PreLoad": false,
    "Version": "",
    "DiscOnly": false
  },
  {
    "EshopId": "1",
    "IconUrl": "https:\/\/cdn.wiiuusbhelper.com\/wiiu\/info\/icons\/000500001F4C4550.png",
    "Name": "Resident Evil 3: Nemesis",
    "Platform": 655,
    "ProductCode": "GLEP08",
    "Region": "EUR",
    "Size": "962567244",
    "TitleId": "000500001F4C4550",
    "PreLoad": false,
    "Version": "",
    "DiscOnly": false
  },
  {
    "EshopId": "1",
    "IconUrl": "https:\/\/cdn.wiiuusbhelper.com\/wiiu\/info\/icons\/000500001F4D3845.png",
    "Name": "Metroid Prime",
    "Platform": 655,
    "ProductCode": "GM8E01",
    "Region": "USA",
    "Size": "1542102132",
    "TitleId": "000500001F4D3845",
    "PreLoad": false,
    "Version": "",
    "DiscOnly": false
  },
  {
    "EshopId": "1",
    "IconUrl": "https:\/\/cdn.wiiuusbhelper.com\/wiiu\/info\/icons\/000500001F4D384A.png",
    "Name": "Metroid Prime",
    "Platform": 655,
    "ProductCode": "GM8J01",
    "Region": "JPN",
    "Size": "1542102132",
    "TitleId": "000500001F4D384A",
    "PreLoad": false,
    "Version": "",
    "DiscOnly": false
  },
  {
    "EshopId": "1",
    "IconUrl": "https:\/\/cdn.wiiuusbhelper.com\/wiiu\/info\/icons\/000500001F4D3850.png",
    "Name": "Metroid Prime",
    "Platform": 655,
    "ProductCode": "GM8P01",
    "Region": "EUR",
    "Size": "1542102132",
    "TitleId": "000500001F4D3850",
    "PreLoad": false,
    "Version": "",
    "DiscOnly": false
  },
  {
    "EshopId": "1",
    "IconUrl": "https:\/\/cdn.wiiuusbhelper.com\/wiiu\/info\/icons\/000500001F4D5045.png",
    "Name": "Mario Party 4",
    "Platform": 655,
    "ProductCode": "GMPE01",
    "Region": "USA",
    "Size": "647928888",
    "TitleId": "000500001F4D5045",
    "PreLoad": false,
    "Version": "",
    "DiscOnly": false
  },
  {
    "EshopId": "1",
    "IconUrl": "https:\/\/cdn.wiiuusbhelper.com\/wiiu\/info\/icons\/000500001F4D504A.png",
    "Name": "Mario Party 4",
    "Platform": 655,
    "ProductCode": "GMPJ01",
    "Region": "JPN",
    "Size": "647928888",
    "TitleId": "000500001F4D504A",
    "PreLoad": false,
    "Version": "",
    "DiscOnly": false
  },
  {
    "EshopId": "1",
    "IconUrl": "https:\/\/cdn.wiiuusbhelper.com\/wiiu\/info\/icons\/000500001F4D5050.png",
    "Name": "Mario Party 4",
    "Platform": 655,
    "ProductCode": "GMPP01",
    "Region": "EUR",
    "Size": "647928888",
    "TitleId": "000500001F4D5050",
    "PreLoad": false,
    "Version": "",
    "DiscOnly": false
  },
  {
    "EshopId": "1",
    "IconUrl": "https:\/\/cdn.wiiuusbhelper.com\/wiiu\/info\/icons\/000500001F503645.png",
    "Name": "Mario Party 6",
    "Platform": 655,
    "ProductCode": "GP6E01",
    "Region": "USA",
    "Size": "836672588",
    "TitleId": "000500001F503645",
    "PreLoad": false,
    "Version": "",
    "DiscOnly": false
  },
  {
    "EshopId": "1",
    "IconUrl": "https:\/\/cdn.wiiuusbhelper.com\/wiiu\/info\/icons\/000500001F50364A.png",
    "Name": "Mario Party 6",
    "Platform": 655,
    "ProductCode": "GP6J01",
    "Region": "JPN",
    "Size": "836672588",
    "TitleId": "000500001F50364A",
    "PreLoad": false,
    "Version": "",
    "DiscOnly": false
  },
  {
    "EshopId": "1",
    "IconUrl": "https:\/\/cdn.wiiuusbhelper.com\/wiiu\/info\/icons\/000500001F503650.png",
    "Name": "Mario Party 6",
    "Platform": 655,
    "ProductCode": "GP6P01",
    "Region": "EUR",
    "Size": "836672588",
    "TitleId": "000500001F503650",
    "PreLoad": false,
    "Version": "",
    "DiscOnly": false
  },
  {
    "EshopId": "1",
    "IconUrl": "https:\/\/cdn.wiiuusbhelper.com\/wiiu\/info\/icons\/000500001F504F45.png",
    "Name": "Phantasy Star Online Episode I and II",
    "Platform": 655,
    "ProductCode": "GPOE8P",
    "Region": "USA",
    "Size": "1486789748",
    "TitleId": "000500001F504F45",
    "PreLoad": false,
    "Version": "",
    "DiscOnly": false
  },
  {
    "EshopId": "1",
    "IconUrl": "https:\/\/cdn.wiiuusbhelper.com\/wiiu\/info\/icons\/000500001F504F4A.png",
    "Name": "Phantasy Star Online Episode I and II",
    "Platform": 655,
    "ProductCode": "GPOJ8P",
    "Region": "JPN",
    "Size": "1486789748",
    "TitleId": "000500001F504F4A",
    "PreLoad": false,
    "Version": "",
    "DiscOnly": false
  },
  {
    "EshopId": "1",
    "IconUrl": "https:\/\/cdn.wiiuusbhelper.com\/wiiu\/info\/icons\/000500001F504F50.png",
    "Name": "Phantasy Star Online Episode I and II",
    "Platform": 655,
    "ProductCode": "GPOP8P",
    "Region": "EUR",
    "Size": "1486789748",
    "TitleId": "000500001F504F50",
    "PreLoad": false,
    "Version": "",
    "DiscOnly": false
  },
  {
    "EshopId": "1",
    "IconUrl": "https:\/\/cdn.wiiuusbhelper.com\/wiiu\/info\/icons\/000500001F515345.png",
    "Name": "Tales of Symphonia",
    "Platform": 655,
    "ProductCode": "GQSEAF",
    "Region": "USA",
    "Size": "2864422104",
    "TitleId": "000500001F515345",
    "PreLoad": false,
    "Version": "",
    "DiscOnly": false
  },
  {
    "EshopId": "1",
    "IconUrl": "https:\/\/cdn.wiiuusbhelper.com\/wiiu\/info\/icons\/000500001F51534A.png",
    "Name": "Tales of Symphonia",
    "Platform": 655,
    "ProductCode": "GTOJAF",
    "Region": "JPN",
    "Size": "2864422104",
    "TitleId": "000500001F51534A",
    "PreLoad": false,
    "Version": "",
    "DiscOnly": false
  },
  {
    "EshopId": "1",
    "IconUrl": "https:\/\/cdn.wiiuusbhelper.com\/wiiu\/info\/icons\/000500001F515350.png",
    "Name": "Tales of Symphonia",
    "Platform": 655,
    "ProductCode": "GQSPAF",
    "Region": "EUR",
    "Size": "2864422104",
    "TitleId": "000500001F515350",
    "PreLoad": false,
    "Version": "",
    "DiscOnly": false
  },
  {
    "EshopId": "1",
    "IconUrl": "https:\/\/cdn.wiiuusbhelper.com\/wiiu\/info\/icons\/000500001F534E45.png",
    "Name": "Sonic Adventure 2: Battle",
    "Platform": 655,
    "ProductCode": "GSNE8P",
    "Region": "USA",
    "Size": "1459788916",
    "TitleId": "000500001F534E45",
    "PreLoad": false,
    "Version": "",
    "DiscOnly": false
  },
  {
    "EshopId": "1",
    "IconUrl": "https:\/\/cdn.wiiuusbhelper.com\/wiiu\/info\/icons\/000500001F534E4A.png",
    "Name": "Sonic Adventure 2: Battle",
    "Platform": 655,
    "ProductCode": "GSNJ8P",
    "Region": "JPN",
    "Size": "1459788916",
    "TitleId": "000500001F534E4A",
    "PreLoad": false,
    "Version": "",
    "DiscOnly": false
  },
  {
    "EshopId": "1",
    "IconUrl": "https:\/\/cdn.wiiuusbhelper.com\/wiiu\/info\/icons\/000500001F534E50.png",
    "Name": "Sonic Adventure 2: Battle",
    "Platform": 655,
    "ProductCode": "GSNP8P",
    "Region": "EUR",
    "Size": "1459788916",
    "TitleId": "000500001F534E50",
    "PreLoad": false,
    "Version": "",
    "DiscOnly": false
  },
  {
    "EshopId": "1",
    "IconUrl": "https:\/\/cdn.wiiuusbhelper.com\/wiiu\/info\/icons\/000500001F534F45.png",
    "Name": "Sonic Mega Collection",
    "Platform": 655,
    "ProductCode": "GSOE8P",
    "Region": "USA",
    "Size": "1086626912",
    "TitleId": "000500001F534F45",
    "PreLoad": false,
    "Version": "",
    "DiscOnly": false
  },
  {
    "EshopId": "1",
    "IconUrl": "https:\/\/cdn.wiiuusbhelper.com\/wiiu\/info\/icons\/000500001F534F4A.png",
    "Name": "Sonic Mega Collection",
    "Platform": 655,
    "ProductCode": "GSOJ8P",
    "Region": "JPN",
    "Size": "1086626912",
    "TitleId": "000500001F534F4A",
    "PreLoad": false,
    "Version": "",
    "DiscOnly": false
  },
  {
    "EshopId": "1",
    "IconUrl": "https:\/\/cdn.wiiuusbhelper.com\/wiiu\/info\/icons\/000500001F534F50.png",
    "Name": "Sonic Mega Collection",
    "Platform": 655,
    "ProductCode": "GSOP8P",
    "Region": "EUR",
    "Size": "1086626912",
    "TitleId": "000500001F534F50",
    "PreLoad": false,
    "Version": "",
    "DiscOnly": false
  },
  {
    "EshopId": "1",
    "IconUrl": "https:\/\/cdn.wiiuusbhelper.com\/wiiu\/info\/icons\/000500001F535745.png",
    "Name": "Star Wars Rogue Squadron II: Rogue Leader",
    "Platform": 655,
    "ProductCode": "GSWE64",
    "Region": "USA",
    "Size": "1478925360",
    "TitleId": "000500001F535745",
    "PreLoad": false,
    "Version": "",
    "DiscOnly": false
  },
  {
    "EshopId": "1",
    "IconUrl": "https:\/\/cdn.wiiuusbhelper.com\/wiiu\/info\/icons\/000500001F53574A.png",
    "Name": "Star Wars Rogue Squadron II: Rogue Leader",
    "Platform": 655,
    "ProductCode": "GSWJ64",
    "Region": "JPN",
    "Size": "1478925360",
    "TitleId": "000500001F53574A",
    "PreLoad": false,
    "Version": "",
    "DiscOnly": false
  },
  {
    "EshopId": "1",
    "IconUrl": "https:\/\/cdn.wiiuusbhelper.com\/wiiu\/info\/icons\/000500001F535750.png",
    "Name": "Star Wars Rogue Squadron II: Rogue Leader",
    "Platform": 655,
    "ProductCode": "GSWP64",
    "Region": "EUR",
    "Size": "1478925360",
    "TitleId": "000500001F535750",
    "PreLoad": false,
    "Version": "",
    "DiscOnly": false
  },
  {
    "EshopId": "1",
    "IconUrl": "https:\/\/cdn.wiiuusbhelper.com\/wiiu\/info\/icons\/000500001F564A45.png",
    "Name": "Viewtiful Joe",
    "Platform": 655,
    "ProductCode": "GVJE08",
    "Region": "USA",
    "Size": "1396546676",
    "TitleId": "000500001F564A45",
    "PreLoad": false,
    "Version": "",
    "DiscOnly": false
  },
  {
    "EshopId": "1",
    "IconUrl": "https:\/\/cdn.wiiuusbhelper.com\/wiiu\/info\/icons\/000500001F564A4A.png",
    "Name": "Viewtiful Joe",
    "Platform": 655,
    "ProductCode": "GVJJ08",
    "Region": "JPN",
    "Size": "1396546676",
    "TitleId": "000500001F564A4A",
    "PreLoad": false,
    "Version": "",
    "DiscOnly": false
  },
  {
    "EshopId": "1",
    "IconUrl": "https:\/\/cdn.wiiuusbhelper.com\/wiiu\/info\/icons\/000500001F564A50.png",
    "Name": "Viewtiful Joe",
    "Platform": 655,
    "ProductCode": "GVJP08",
    "Region": "EUR",
    "Size": "1396546676",
    "TitleId": "000500001F564A50",
    "PreLoad": false,
    "Version": "",
    "DiscOnly": false
  },
  {
    "EshopId": "1",
    "IconUrl": "https:\/\/cdn.wiiuusbhelper.com\/wiiu\/info\/icons\/000500001F575745.png",
    "Name": "Wario World",
    "Platform": 655,
    "ProductCode": "GWWE01",
    "Region": "USA",
    "Size": "295214116",
    "TitleId": "000500001F575745",
    "PreLoad": false,
    "Version": "",
    "DiscOnly": false
  },
  {
    "EshopId": "1",
    "IconUrl": "https:\/\/cdn.wiiuusbhelper.com\/wiiu\/info\/icons\/000500001F57574A.png",
    "Name": "Wario World",
    "Platform": 655,
    "ProductCode": "GWWJ01",
    "Region": "JPN",
    "Size": "295214116",
    "TitleId": "000500001F57574A",
    "PreLoad": false,
    "Version": "",
    "DiscOnly": false
  },
  {
    "EshopId": "1",
    "IconUrl": "https:\/\/cdn.wiiuusbhelper.com\/wiiu\/info\/icons\/000500001F575750.png",
    "Name": "Wario World",
    "Platform": 655,
    "ProductCode": "GWWP01",
    "Region": "EUR",
    "Size": "295214116",
    "TitleId": "000500001F575750",
    "PreLoad": false,
    "Version": "",
    "DiscOnly": false
  },
  {
    "EshopId": "1",
    "IconUrl": "https:\/\/cdn.wiiuusbhelper.com\/wiiu\/info\/icons\/000500001F585345.png",
    "Name": "Sonic Adventure DX: Director's Cut",
    "Platform": 655,
    "ProductCode": "GXSE8P",
    "Region": "USA",
    "Size": "1487510644",
    "TitleId": "000500001F585345",
    "PreLoad": false,
    "Version": "",
    "DiscOnly": false
  },
  {
    "EshopId": "1",
    "IconUrl": "https:\/\/cdn.wiiuusbhelper.com\/wiiu\/info\/icons\/000500001F58534A.png",
    "Name": "Sonic Adventure DX: Director's Cut",
    "Platform": 655,
    "ProductCode": "GXSJ8P",
    "Region": "JPN",
    "Size": "1487510644",
    "TitleId": "000500001F58534A",
    "PreLoad": false,
    "Version": "",
    "DiscOnly": false
  },
  {
    "EshopId": "1",
    "IconUrl": "https:\/\/cdn.wiiuusbhelper.com\/wiiu\/info\/icons\/000500001F585350.png",
    "Name": "Sonic Adventure DX: Director's Cut",
    "Platform": 655,
    "ProductCode": "GXSP8P",
    "Region": "EUR",
    "Size": "1487510644",
    "TitleId": "000500001F585350",
    "PreLoad": false,
    "Version": "",
    "DiscOnly": false
  },
  {
    "EshopId": "1",
    "IconUrl": "https:\/\/cdn.wiiuusbhelper.com\/wiiu\/info\/icons\/000500001F5A4C45.png",
    "Name": "The Legend of Zelda: Collector's Edition",
    "Platform": 655,
    "ProductCode": "PZLE01",
    "Region": "USA",
    "Size": "1542036596",
    "TitleId": "000500001F5A4C45",
    "PreLoad": false,
    "Version": "",
    "DiscOnly": false
  },
  {
    "EshopId": "1",
    "IconUrl": "https:\/\/cdn.wiiuusbhelper.com\/wiiu\/info\/icons\/000500001F5A4C4A.png",
    "Name": "The Legend of Zelda: Collector's Edition",
    "Platform": 655,
    "ProductCode": "PZLJ01",
    "Region": "JPN",
    "Size": "1542036596",
    "TitleId": "000500001F5A4C4A",
    "PreLoad": false,
    "Version": "",
    "DiscOnly": false
  },
  {
    "EshopId": "1",
    "IconUrl": "https:\/\/cdn.wiiuusbhelper.com\/wiiu\/info\/icons\/000500001F5A4C50.png",
    "Name": "The Legend of Zelda: Collector's Edition",
    "Platform": 655,
    "ProductCode": "PZLP01",
    "Region": "EUR",
    "Size": "1542036596",
    "TitleId": "000500001F5A4C50",
    "PreLoad": false,
    "Version": "",
    "DiscOnly": false
  },
  {
    "EshopId": "1",
    "IconUrl": "https:\/\/cdn.wiiuusbhelper.com\/wiiu\/info\/icons\/000500002E4D4345.png",
    "Name": "Mario Kart Wii",
    "Platform": 656,
    "ProductCode": "RMCE01",
    "Region": "USA",
    "Size": "2825428184",
    "TitleId": "000500002E4D4345",
    "PreLoad": false,
    "Version": "",
    "DiscOnly": false
  },
  {
    "EshopId": "1",
    "IconUrl": "https:\/\/cdn.wiiuusbhelper.com\/wiiu\/info\/icons\/000500002E4D434A.png",
    "Name": "Mario Kart Wii",
    "Platform": 656,
    "ProductCode": "RMCJ01",
    "Region": "JPN",
    "Size": "2825428184",
    "TitleId": "000500002E4D434A",
    "PreLoad": false,
    "Version": "",
    "DiscOnly": false
  },
  {
    "EshopId": "1",
    "IconUrl": "https:\/\/cdn.wiiuusbhelper.com\/wiiu\/info\/icons\/000500002E4D4350.png",
    "Name": "Mario Kart Wii",
    "Platform": 656,
    "ProductCode": "RMCP01",
    "Region": "EUR",
    "Size": "2825428184",
    "TitleId": "000500002E4D4350",
    "PreLoad": false,
    "Version": "",
    "DiscOnly": false
  },
  {
    "EshopId": "1",
    "IconUrl": "https:\/\/cdn.wiiuusbhelper.com\/wiiu\/info\/icons\/00050000FE484145.png",
    "Name": "Wii Play",
    "Platform": 656,
    "ProductCode": "RHAE01",
    "Region": "USA",
    "Size": "105487376",
    "TitleId": "00050000FE484145",
    "PreLoad": true,
    "Version": "",
    "DiscOnly": false
  },
  {
    "EshopId": "1",
    "IconUrl": "https:\/\/cdn.wiiuusbhelper.com\/wiiu\/info\/icons\/00050000FE484150.png",
    "Name": "Wii Play",
    "Platform": 656,
    "ProductCode": "RHAP01",
    "Region": "EUR",
    "Size": "105487376",
    "TitleId": "00050000FE484150",
    "PreLoad": true,
    "Version": "",
    "DiscOnly": false
  },
  {
    "EshopId": "1",
    "IconUrl": "https:\/\/cdn.wiiuusbhelper.com\/wiiu\/info\/icons\/00050000FE534645.png",
    "Name": "Muramasa: The Demon Blade",
    "Platform": 656,
    "ProductCode": "RSFE7U",
    "Region": "USA",
    "Size": "675388472",
    "TitleId": "00050000FE534645",
    "PreLoad": false,
    "Version": "",
    "DiscOnly": false
  },
  {
    "EshopId": "1",
    "IconUrl": "https:\/\/cdn.wiiuusbhelper.com\/wiiu\/info\/icons\/00050000FE534650.png",
    "Name": "Muramasa: The Demon Blade",
    "Platform": 656,
    "ProductCode": "RSFP99",
    "Region": "EUR",
    "Size": "675388472",
    "TitleId": "00050000FE534650",
    "PreLoad": false,
    "Version": "",
    "DiscOnly": false
  },
  {
    "EshopId": "1",
    "IconUrl": "https:\/\/cdn.wiiuusbhelper.com\/wiiu\/info\/icons\/00050000FF343345.png",
    "Name": "The Legend of Zelda: Ocarina of Time-Master Quest",
    "Platform": 655,
    "ProductCode": "D43E01",
    "Region": "USA",
    "Size": "1542036596",
    "TitleId": "00050000FF343345",
    "PreLoad": false,
    "Version": "",
    "DiscOnly": false
  },
  {
    "EshopId": "1",
    "IconUrl": "https:\/\/cdn.wiiuusbhelper.com\/wiiu\/info\/icons\/00050000FF34334A.png",
    "Name": "Zelda no Densetsu: Toki no Ocarina GC \/ Ura Zelda",
    "Platform": 655,
    "ProductCode": "D43J01",
    "Region": "JPN",
    "Size": "1542036596",
    "TitleId": "00050000FF34334A",
    "PreLoad": false,
    "Version": "",
    "DiscOnly": false
  },
  {
    "EshopId": "1",
    "IconUrl": "https:\/\/cdn.wiiuusbhelper.com\/wiiu\/info\/icons\/00050000FF343350.png",
    "Name": "The Legend of Zelda: Ocarina of Time-Master Quest",
    "Platform": 655,
    "ProductCode": "D43P01",
    "Region": "EUR",
    "Size": "1542036596",
    "TitleId": "00050000FF343350",
    "PreLoad": false,
    "Version": "",
    "DiscOnly": false
  },
  {
    "EshopId": "1",
    "IconUrl": "https:\/\/cdn.wiiuusbhelper.com\/wiiu\/info\/icons\/00050000FF344245.png",
    "Name": "Resident Evil 4",
    "Platform": 655,
    "ProductCode": "G4BE08",
    "Region": "USA",
    "Size": "2874711256",
    "TitleId": "00050000FF344245",
    "PreLoad": false,
    "Version": "",
    "DiscOnly": false
  },
  {
    "EshopId": "1",
    "IconUrl": "https:\/\/cdn.wiiuusbhelper.com\/wiiu\/info\/icons\/00050000FF344250.png",
    "Name": "Resident Evil 4",
    "Platform": 655,
    "ProductCode": "G4BP08",
    "Region": "EUR",
    "Size": "2874711256",
    "TitleId": "00050000FF344250",
    "PreLoad": false,
    "Version": "",
    "DiscOnly": false
  },
  {
    "EshopId": "1",
    "IconUrl": "https:\/\/cdn.wiiuusbhelper.com\/wiiu\/info\/icons\/00050000FF345145.png",
    "Name": "Super Mario Strikers",
    "Platform": 655,
    "ProductCode": "G4QE01",
    "Region": "USA",
    "Size": "691182648",
    "TitleId": "00050000FF345145",
    "PreLoad": false,
    "Version": "",
    "DiscOnly": false
  },
  {
    "EshopId": "1",
    "IconUrl": "https:\/\/cdn.wiiuusbhelper.com\/wiiu\/info\/icons\/00050000FF34514A.png",
    "Name": "Super Mario Strikers",
    "Platform": 655,
    "ProductCode": "G4QJ01",
    "Region": "JPN",
    "Size": "691182648",
    "TitleId": "00050000FF34514A",
    "PreLoad": false,
    "Version": "",
    "DiscOnly": false
  },
  {
    "EshopId": "1",
    "IconUrl": "https:\/\/cdn.wiiuusbhelper.com\/wiiu\/info\/icons\/00050000FF345150.png",
    "Name": "Mario Smash Football",
    "Platform": 655,
    "ProductCode": "G4QP01",
    "Region": "EUR",
    "Size": "691182648",
    "TitleId": "00050000FF345150",
    "PreLoad": false,
    "Version": "",
    "DiscOnly": false
  },
  {
    "EshopId": "1",
    "IconUrl": "https:\/\/cdn.wiiuusbhelper.com\/wiiu\/info\/icons\/00050000FF345345.png",
    "Name": "The Legend of Zelda: Four Swords Adventures",
    "Platform": 655,
    "ProductCode": "G4SE01",
    "Region": "USA",
    "Size": "290823204",
    "TitleId": "00050000FF345345",
    "PreLoad": false,
    "Version": "",
    "DiscOnly": false
  },
  {
    "EshopId": "1",
    "IconUrl": "https:\/\/cdn.wiiuusbhelper.com\/wiiu\/info\/icons\/00050000FF345350.png",
    "Name": "The Legend of Zelda: Four Swords Adventures",
    "Platform": 655,
    "ProductCode": "G4SP01",
    "Region": "EUR",
    "Size": "290823204",
    "TitleId": "00050000FF345350",
    "PreLoad": false,
    "Version": "",
    "DiscOnly": false
  },
  {
    "EshopId": "1",
    "IconUrl": "https:\/\/cdn.wiiuusbhelper.com\/wiiu\/info\/icons\/00050000FF384D45.png",
    "Name": "Paper Mario: The Thousand-Year Door",
    "Platform": 655,
    "ProductCode": "G8ME01",
    "Region": "USA",
    "Size": "646224952",
    "TitleId": "00050000FF384D45",
    "PreLoad": false,
    "Version": "",
    "DiscOnly": false
  },
  {
    "EshopId": "1",
    "IconUrl": "https:\/\/cdn.wiiuusbhelper.com\/wiiu\/info\/icons\/00050000FF384D4A.png",
    "Name": "Paper Mario RPG",
    "Platform": 655,
    "ProductCode": "G8MJ01",
    "Region": "JPN",
    "Size": "646224952",
    "TitleId": "00050000FF384D4A",
    "PreLoad": false,
    "Version": "",
    "DiscOnly": false
  },
  {
    "EshopId": "1",
    "IconUrl": "https:\/\/cdn.wiiuusbhelper.com\/wiiu\/info\/icons\/00050000FF384D50.png",
    "Name": "Paper Mario: The Thousand-Year Door",
    "Platform": 655,
    "ProductCode": "G8MP01",
    "Region": "EUR",
    "Size": "646224952",
    "TitleId": "00050000FF384D50",
    "PreLoad": false,
    "Version": "",
    "DiscOnly": false
  },
  {
    "EshopId": "1",
    "IconUrl": "https:\/\/cdn.wiiuusbhelper.com\/wiiu\/info\/icons\/00050000FF414645.png",
    "Name": "Animal Crossing",
    "Platform": 655,
    "ProductCode": "GAFE01",
    "Region": "USA",
    "Size": "40087552",
    "TitleId": "00050000FF414645",
    "PreLoad": false,
    "Version": "",
    "DiscOnly": false
  },
  {
    "EshopId": "1",
    "IconUrl": "https:\/\/cdn.wiiuusbhelper.com\/wiiu\/info\/icons\/00050000FF414650.png",
    "Name": "Animal Crossing",
    "Platform": 655,
    "ProductCode": "GAFP01",
    "Region": "EUR",
    "Size": "1542102132",
    "TitleId": "00050000FF414650",
    "PreLoad": false,
    "Version": "",
    "DiscOnly": false
  },
  {
    "EshopId": "1",
    "IconUrl": "https:\/\/cdn.wiiuusbhelper.com\/wiiu\/info\/icons\/00050000FF414C45.png",
    "Name": "Super Smash Bros. Melee",
    "Platform": 655,
    "ProductCode": "GALE01",
    "Region": "USA",
    "Size": "1510977536",
    "TitleId": "00050000FF414C45",
    "PreLoad": false,
    "Version": "",
    "DiscOnly": false
  },
  {
    "EshopId": "1",
    "IconUrl": "https:\/\/cdn.wiiuusbhelper.com\/wiiu\/info\/icons\/00050000FF414C50.png",
    "Name": "Super Smash Bros. Melee",
    "Platform": 655,
    "ProductCode": "GALP01",
    "Region": "EUR",
    "Size": "1510977536",
    "TitleId": "00050000FF414C50",
    "PreLoad": false,
    "Version": "",
    "DiscOnly": false
  },
  {
    "EshopId": "1",
    "IconUrl": "https:\/\/cdn.wiiuusbhelper.com\/wiiu\/info\/icons\/00050000FF454145.png",
    "Name": "Skies of Arcadia Legends",
    "Platform": 655,
    "ProductCode": "GEAE8P",
    "Region": "USA",
    "Size": "1501666420",
    "TitleId": "00050000FF454145",
    "PreLoad": false,
    "Version": "",
    "DiscOnly": false
  },
  {
    "EshopId": "1",
    "IconUrl": "https:\/\/cdn.wiiuusbhelper.com\/wiiu\/info\/icons\/00050000FF454150.png",
    "Name": "Skies of Arcadia Legends",
    "Platform": 655,
    "ProductCode": "GEAP8P",
    "Region": "EUR",
    "Size": "1501666420",
    "TitleId": "00050000FF454150",
    "PreLoad": false,
    "Version": "",
    "DiscOnly": false
  },
  {
    "EshopId": "1",
    "IconUrl": "https:\/\/cdn.wiiuusbhelper.com\/wiiu\/info\/icons\/00050000FF454445.png",
    "Name": "Eternal Darkness: Sanity's Requiem",
    "Platform": 655,
    "ProductCode": "GEDE01",
    "Region": "USA",
    "Size": "1541905524",
    "TitleId": "00050000FF454445",
    "PreLoad": false,
    "Version": "",
    "DiscOnly": false
  },
  {
    "EshopId": "1",
    "IconUrl": "https:\/\/cdn.wiiuusbhelper.com\/wiiu\/info\/icons\/00050000FF454450.png",
    "Name": "Eternal Darkness: Sanity's Requiem",
    "Platform": 655,
    "ProductCode": "GEDP01",
    "Region": "EUR",
    "Size": "1541905524",
    "TitleId": "00050000FF454450",
    "PreLoad": false,
    "Version": "",
    "DiscOnly": false
  },
  {
    "EshopId": "1",
    "IconUrl": "https:\/\/cdn.wiiuusbhelper.com\/wiiu\/info\/icons\/00050000FF455A45.png",
    "Name": "Billy Hatcher and the Giant Egg",
    "Platform": 655,
    "ProductCode": "GEZE8P",
    "Region": "USA",
    "Size": "918527052",
    "TitleId": "00050000FF455A45",
    "PreLoad": false,
    "Version": "",
    "DiscOnly": false
  },
  {
    "EshopId": "1",
    "IconUrl": "https:\/\/cdn.wiiuusbhelper.com\/wiiu\/info\/icons\/00050000FF455A50.png",
    "Name": "Billy Hatcher and the Giant Egg",
    "Platform": 655,
    "ProductCode": "GEZP8P",
    "Region": "EUR",
    "Size": "918527052",
    "TitleId": "00050000FF455A50",
    "PreLoad": false,
    "Version": "",
    "DiscOnly": false
  },
  {
    "EshopId": "1",
    "IconUrl": "https:\/\/cdn.wiiuusbhelper.com\/wiiu\/info\/icons\/00050000FF465A45.png",
    "Name": "F-Zero GX",
    "Platform": 655,
    "ProductCode": "GFZE01",
    "Region": "USA",
    "Size": "1516084340",
    "TitleId": "00050000FF465A45",
    "PreLoad": false,
    "Version": "",
    "DiscOnly": false
  },
  {
    "EshopId": "1",
    "IconUrl": "https:\/\/cdn.wiiuusbhelper.com\/wiiu\/info\/icons\/00050000FF465A50.png",
    "Name": "F-Zero GX",
    "Platform": 655,
    "ProductCode": "GFZP01",
    "Region": "EUR",
    "Size": "1516084340",
    "TitleId": "00050000FF465A50",
    "PreLoad": false,
    "Version": "",
    "DiscOnly": false
  },
  {
    "EshopId": "1",
    "IconUrl": "https:\/\/cdn.wiiuusbhelper.com\/wiiu\/info\/icons\/00050000FF475345.png",
    "Name": "Metal Gear Solid: The Twin Snakes",
    "Platform": 655,
    "ProductCode": "GGSEA4",
    "Region": "USA",
    "Size": "2834210008",
    "TitleId": "00050000FF475345",
    "PreLoad": false,
    "Version": "",
    "DiscOnly": false
  },
  {
    "EshopId": "1",
    "IconUrl": "https:\/\/cdn.wiiuusbhelper.com\/wiiu\/info\/icons\/00050000FF475350.png",
    "Name": "Metal Gear Solid: The Twin Snakes",
    "Platform": 655,
    "ProductCode": "GGSPA4",
    "Region": "EUR",
    "Size": "2834210008",
    "TitleId": "00050000FF475350",
    "PreLoad": false,
    "Version": "",
    "DiscOnly": false
  },
  {
    "EshopId": "1",
    "IconUrl": "https:\/\/cdn.wiiuusbhelper.com\/wiiu\/info\/icons\/00050000FF4B4245.png",
    "Name": "Baten Kaitos Eternal Wings and the Lost Ocean",
    "Platform": 655,
    "ProductCode": "GKBEAF",
    "Region": "USA",
    "Size": "2914032856",
    "TitleId": "00050000FF4B4245",
    "PreLoad": false,
    "Version": "",
    "DiscOnly": false
  },
  {
    "EshopId": "1",
    "IconUrl": "https:\/\/cdn.wiiuusbhelper.com\/wiiu\/info\/icons\/00050000FF4B4250.png",
    "Name": "Baten Kaitos Eternal Wings and the Lost Ocean",
    "Platform": 655,
    "ProductCode": "GKBPAF",
    "Region": "EUR",
    "Size": "2914032856",
    "TitleId": "00050000FF4B4250",
    "PreLoad": false,
    "Version": "",
    "DiscOnly": false
  },
  {
    "EshopId": "1",
    "IconUrl": "https:\/\/cdn.wiiuusbhelper.com\/wiiu\/info\/icons\/00050000FF4B5945.png",
    "Name": "Kirby Air Ride",
    "Platform": 655,
    "ProductCode": "GKYE01",
    "Region": "USA",
    "Size": "735812664",
    "TitleId": "00050000FF4B5945",
    "PreLoad": false,
    "Version": "",
    "DiscOnly": false
  },
  {
    "EshopId": "1",
    "IconUrl": "https:\/\/cdn.wiiuusbhelper.com\/wiiu\/info\/icons\/00050000FF4B5950.png",
    "Name": "Kirby Air Ride",
    "Platform": 655,
    "ProductCode": "GKYP01",
    "Region": "EUR",
    "Size": "735812664",
    "TitleId": "00050000FF4B5950",
    "PreLoad": false,
    "Version": "",
    "DiscOnly": false
  },
  {
    "EshopId": "1",
    "IconUrl": "https:\/\/cdn.wiiuusbhelper.com\/wiiu\/info\/icons\/00050000FF4C4D45.png",
    "Name": "Luigi's Mansion",
    "Platform": 655,
    "ProductCode": "GLME01",
    "Region": "USA",
    "Size": "215522320",
    "TitleId": "00050000FF4C4D45",
    "PreLoad": false,
    "Version": "",
    "DiscOnly": false
  },
  {
    "EshopId": "1",
    "IconUrl": "https:\/\/cdn.wiiuusbhelper.com\/wiiu\/info\/icons\/00050000FF4C4D4A.png",
    "Name": "Luigi's Mansion",
    "Platform": 655,
    "ProductCode": "GLMJ01",
    "Region": "JPN",
    "Size": "215522320",
    "TitleId": "00050000FF4C4D4A",
    "PreLoad": false,
    "Version": "",
    "DiscOnly": false
  },
  {
    "EshopId": "1",
    "IconUrl": "https:\/\/cdn.wiiuusbhelper.com\/wiiu\/info\/icons\/00050000FF4C4D50.png",
    "Name": "Luigi's Mansion",
    "Platform": 655,
    "ProductCode": "GLMP01",
    "Region": "EUR",
    "Size": "310025252",
    "TitleId": "00050000FF4C4D50",
    "PreLoad": false,
    "Version": "",
    "DiscOnly": false
  },
  {
    "EshopId": "1",
    "IconUrl": "https:\/\/cdn.wiiuusbhelper.com\/wiiu\/info\/icons\/00050000FF4C5245.png",
    "Name": "Star Wars Rogue Squadron III: Rebel Strike",
    "Platform": 655,
    "ProductCode": "GLRE64",
    "Region": "USA",
    "Size": "1529257076",
    "TitleId": "00050000FF4C5245",
    "PreLoad": false,
    "Version": "",
    "DiscOnly": false
  },
  {
    "EshopId": "1",
    "IconUrl": "https:\/\/cdn.wiiuusbhelper.com\/wiiu\/info\/icons\/00050000FF4C5250.png",
    "Name": "Star Wars Rogue Squadron III: Rebel Strike",
    "Platform": 655,
    "ProductCode": "GLRP64",
    "Region": "EUR",
    "Size": "1529257076",
    "TitleId": "00050000FF4C5250",
    "PreLoad": false,
    "Version": "",
    "DiscOnly": false
  },
  {
    "EshopId": "1",
    "IconUrl": "https:\/\/cdn.wiiuusbhelper.com\/wiiu\/info\/icons\/00050000FF4D3445.png",
    "Name": "Mario Kart: Double Dash!!",
    "Platform": 655,
    "ProductCode": "GM4E01",
    "Region": "USA",
    "Size": "525905920",
    "TitleId": "00050000FF4D3445",
    "PreLoad": false,
    "Version": "",
    "DiscOnly": false
  },
  {
    "EshopId": "1",
    "IconUrl": "https:\/\/cdn.wiiuusbhelper.com\/wiiu\/info\/icons\/00050000FF4D3450.png",
    "Name": "Mario Kart: Double Dash!!",
    "Platform": 655,
    "ProductCode": "GM4P01",
    "Region": "EUR",
    "Size": "525905920",
    "TitleId": "00050000FF4D3450",
    "PreLoad": false,
    "Version": "",
    "DiscOnly": false
  },
  {
    "EshopId": "1",
    "IconUrl": "https:\/\/cdn.wiiuusbhelper.com\/wiiu\/info\/icons\/00050000FF4D5345.png",
    "Name": "Super Mario Sunshine",
    "Platform": 655,
    "ProductCode": "GMSE01",
    "Region": "USA",
    "Size": "1244175456",
    "TitleId": "00050000FF4D5345",
    "PreLoad": false,
    "Version": "",
    "DiscOnly": false
  },
  {
    "EshopId": "1",
    "IconUrl": "https:\/\/cdn.wiiuusbhelper.com\/wiiu\/info\/icons\/00050000FF4D534A.png",
    "Name": "Super Mario Sunshine",
    "Platform": 655,
    "ProductCode": "GMSJ01",
    "Region": "JPN",
    "Size": "1244175456",
    "TitleId": "00050000FF4D534A",
    "PreLoad": false,
    "Version": "",
    "DiscOnly": false
  },
  {
    "EshopId": "1",
    "IconUrl": "https:\/\/cdn.wiiuusbhelper.com\/wiiu\/info\/icons\/00050000FF4D5350.png",
    "Name": "Super Mario Sunshine",
    "Platform": 655,
    "ProductCode": "GMSP01",
    "Region": "EUR",
    "Size": "1244175456",
    "TitleId": "00050000FF4D5350",
    "PreLoad": false,
    "Version": "",
    "DiscOnly": false
  },
  {
    "EshopId": "1",
    "IconUrl": "https:\/\/cdn.wiiuusbhelper.com\/wiiu\/info\/icons\/00050000FF503545.png",
    "Name": "Mario Party 5",
    "Platform": 655,
    "ProductCode": "GP5E01",
    "Region": "USA",
    "Size": "1057463372",
    "TitleId": "00050000FF503545",
    "PreLoad": false,
    "Version": "",
    "DiscOnly": false
  },
  {
    "EshopId": "1",
    "IconUrl": "https:\/\/cdn.wiiuusbhelper.com\/wiiu\/info\/icons\/00050000FF503550.png",
    "Name": "Mario Party 5",
    "Platform": 655,
    "ProductCode": "GP5P01",
    "Region": "EUR",
    "Size": "1057463372",
    "TitleId": "00050000FF503550",
    "PreLoad": false,
    "Version": "",
    "DiscOnly": false
  },
  {
    "EshopId": "1",
    "IconUrl": "https:\/\/cdn.wiiuusbhelper.com\/wiiu\/info\/icons\/00050000FF503745.png",
    "Name": "Mario Party 7",
    "Platform": 655,
    "ProductCode": "GP7E01",
    "Region": "USA",
    "Size": "637967416",
    "TitleId": "00050000FF503745",
    "PreLoad": false,
    "Version": "",
    "DiscOnly": false
  },
  {
    "EshopId": "1",
    "IconUrl": "https:\/\/cdn.wiiuusbhelper.com\/wiiu\/info\/icons\/00050000FF50374A.png",
    "Name": "Mario Party 7",
    "Platform": 655,
    "ProductCode": "GP7J01",
    "Region": "JPN",
    "Size": "637967416",
    "TitleId": "00050000FF50374A",
    "PreLoad": false,
    "Version": "",
    "DiscOnly": false
  },
  {
    "EshopId": "1",
    "IconUrl": "https:\/\/cdn.wiiuusbhelper.com\/wiiu\/info\/icons\/00050000FF503750.png",
    "Name": "Mario Party 7",
    "Platform": 655,
    "ProductCode": "GP7P01",
    "Region": "EUR",
    "Size": "637967416",
    "TitleId": "00050000FF503750",
    "PreLoad": false,
    "Version": "",
    "DiscOnly": false
  },
  {
    "EshopId": "1",
    "IconUrl": "https:\/\/cdn.wiiuusbhelper.com\/wiiu\/info\/icons\/00050000FF504945.png",
    "Name": "Pikmin",
    "Platform": 655,
    "ProductCode": "GPIE01",
    "Region": "USA",
    "Size": "707828792",
    "TitleId": "00050000FF504945",
    "PreLoad": false,
    "Version": "",
    "DiscOnly": false
  },
  {
    "EshopId": "1",
    "IconUrl": "https:\/\/cdn.wiiuusbhelper.com\/wiiu\/info\/icons\/00050000FF504950.png",
    "Name": "Pikmin",
    "Platform": 655,
    "ProductCode": "GPIP01",
    "Region": "EUR",
    "Size": "707828792",
    "TitleId": "00050000FF504950",
    "PreLoad": false,
    "Version": "",
    "DiscOnly": false
  },
  {
    "EshopId": "1",
    "IconUrl": "https:\/\/cdn.wiiuusbhelper.com\/wiiu\/info\/icons\/00050000FF525345.png",
    "Name": "SoulCalibur II",
    "Platform": 655,
    "ProductCode": "GRSEAF",
    "Region": "USA",
    "Size": "1096784992",
    "TitleId": "00050000FF525345",
    "PreLoad": false,
    "Version": "",
    "DiscOnly": false
  },
  {
    "EshopId": "1",
    "IconUrl": "https:\/\/cdn.wiiuusbhelper.com\/wiiu\/info\/icons\/00050000FF525350.png",
    "Name": "SoulCalibur II",
    "Platform": 655,
    "ProductCode": "GRSPAF",
    "Region": "EUR",
    "Size": "1096784992",
    "TitleId": "00050000FF525350",
    "PreLoad": false,
    "Version": "",
    "DiscOnly": false
  },
  {
    "EshopId": "1",
    "IconUrl": "https:\/\/cdn.wiiuusbhelper.com\/wiiu\/info\/icons\/00050000FF534145.png",
    "Name": "Star Fox Adventures",
    "Platform": 655,
    "ProductCode": "GSAE01",
    "Region": "USA",
    "Size": "1542102132",
    "TitleId": "00050000FF534145",
    "PreLoad": false,
    "Version": "",
    "DiscOnly": false
  },
  {
    "EshopId": "1",
    "IconUrl": "https:\/\/cdn.wiiuusbhelper.com\/wiiu\/info\/icons\/00050000FF534150.png",
    "Name": "Star Fox Adventures",
    "Platform": 655,
    "ProductCode": "GSAP01",
    "Region": "EUR",
    "Size": "1542102132",
    "TitleId": "00050000FF534150",
    "PreLoad": false,
    "Version": "",
    "DiscOnly": false
  },
  {
    "EshopId": "1",
    "IconUrl": "https:\/\/cdn.wiiuusbhelper.com\/wiiu\/info\/icons\/00050000FF585845.png",
    "Name": "Pok\u00e9mon XD: Gale of Darkness",
    "Platform": 655,
    "ProductCode": "GXXE01",
    "Region": "USA",
    "Size": "1158393856",
    "TitleId": "00050000FF585845",
    "PreLoad": false,
    "Version": "",
    "DiscOnly": false
  },
  {
    "EshopId": "1",
    "IconUrl": "https:\/\/cdn.wiiuusbhelper.com\/wiiu\/info\/icons\/00050000FF585850.png",
    "Name": "Pok\u00e9mon XD: Gale of Darkness",
    "Platform": 655,
    "ProductCode": "GXXP01",
    "Region": "EUR",
    "Size": "1158393856",
    "TitleId": "00050000FF585850",
    "PreLoad": false,
    "Version": "",
    "DiscOnly": false
  }
]