{
    "009527ff16eefa0332d701db9fd22fc9": "unpack.error.aborted",
    "00d058437bb8454adbdcd8958133e12c": "window.dock.bottom.addAll.update",
    "00d191c8194ab3a3a3b5190abbd10ac7": "library.error.badEmulatorPath",
    "0142bb1b21372fb5c2a1c6387788e5e5": "library.gameInfo.mods.title",
    "0176416f22202658e0632cb11d401ee7": "titleKeys.text1",
    "01e9305752255a94abc8c9949b5f423d": "library.sync.status.ok",
    "023adee16ff11aa04bd4c2bde3474e57": "unpack.3ds.unsupported",
    "0250d50000145bd08f4ba990507231e6": "transfer.autoInstall.wait",
    "026c2cff1e1c32ad60cabc5d6cdb7e13": "library.title.add.update.disabled",
    "0290c3ad372ef0021d0f8816b179c89e": "feedback.type.featureRequest",
    "02ae08521d1cf15c429dc26921ffbc17": "library.emuInfo.error.verify",
    "02c914b37707606ee8b3db429e8a607a": "mod.error.disableDependency",
    "02e9e9ffc31323eeec5a621e1414daa0": "window.aesStatus",
    "02fca94102353976f14f9236afea74bc": "support.checkbox.syslog",
    "031b93cbdc3b53f9e7df6e1590839893": "download.manager.speedLimit",
    "03b4ed25b604f741f56274a6c9712c65": "download.message.startFile",
    "03bc0958c6c0c3092ba22c37158fbf86": "injector.step.three",
    "03e64fa1c71668e1120ea7266e78353c": "library.title.update.pending",
    "03ec3061e48ba1fb3264d7ce6c0d2f35": "injector.nintendont.title",
    "041baab118d414fa18f5c23760e27471": "cloudSave.label.username",
    "05db645f7251bd7106218c59aa568562": "library.group.notDownloaded",
    "062d7333d88a625007f26c1ac9aa8ac5": "unpack.error.injectable",
    "06933067aafd48425d67bcb01bba5cb6": "generic.update",
    "06942283932bf7ba75d7372c633a89d1": "welcome.text1",
    "06a0f183f534d0234daf703d1c4021f8": "shortcutCreator.button.desktop",
    "06df33001c1d7187fdd81ea1f5b277aa": "cloudSave.manager.area.actions",
    "075ae3d2fc31640504f814f60e5ef713": "generic.status.disabled",
    "07667ebe291313ed8306e08eb86a6820": "library.gameInfo.technical.size.update",
    "07a6b88452956323a6e528e0f29d7eac": "download.manager.hint",
    "0933d60fee1fee3fd59190e0b5916465": "library.action.download.game",
    "094ee19d4beea25b6dfd0a38cd96fe9f": "downloadSpecific.label.size",
    "09b2c7c552d80033cf8e661b7425a777": "cloudSave.notLoggedIn",
    "09c598feeb44b501f2a0173951bb0dbb": "titleKeys.archive.structure",
    "09e02e0169137c5417877927587e2c5f": "injector.progress.start",
    "0a3573688f840d220e260fed1a22e801": "library.gameInfo.technical",
    "0a51341bd348619dbf1d7cd97ff61056": "library.gameInfo.play",
    "0a51d8a1c3d97c488b5823bc5342144d": "cloudSave.community.error.missingSave",
    "0aafed7e8489e57d5376e03be9e61a87": "library.action.manage",
    "0b178a834f622b19034c81431cf747e3": "mod.suggestion",
    "0be8406951cdfda82f00f79328cf4efc": "feedback.type.comment",
    "0bed355f0e45da3fde3e1e20923d09f5": "titleKeys.text3",
    "0c399e216035ef83f7bf781e9c3c3df2": "feedback.text",
    "0ca6d200f2a7aa522fc95e4d670731cd": "library.diskManager.button.deleteRawData",
    "0e51917a32a19e829e20709aea042f85": "support.error.requestTooShort",
    "0ebac68304a60445a0b3ae3eaea1cc70": "import.selectRoot",
    "0f0e92ca827b3d3ba50cde66bbbf6974": "downloadSpecific.title",
    "0f1447a3554002456e3b6030cab82213": "support.button.checkSelfHelp",
    "0f1e5a8f4e4d69ac82959add9ed3093e": "window.dock.bottom.theme",
    "0f78b20318b5aef4dca6dbae5051960a": "feedback.type.suggestion",
    "1063e38cb53d94d386f21227fcd84717": "transfer.autoDelete.title",
    "10ae514c5aaa34a660a351ec3f0509b4": "injector.button.specialThanks",
    "115571c1e6d019cfd86ee382623b482b": "cloudSave.community.label.noSaves",
    "11602118a3d00f01e1b463c5e6ec8240": "window.dock.bottom.addAll.dlc",
    "11c9eebbf6366218eac9de91dc62365b": "library.diskManager.area.manageData",
    "1220e59ef01a3833972ca70771b22991": "import.text2",
    "13629bdecc07da739c764af79cfa4723": "mod.suggestion.title",
    "13bfffce03278a0a7431e0a7734b3d06": "feedback.area.suggestionType",
    "140e317e0077aece29910d4f129b2cdd": "generic.continueQuestion",
    "147de0be85bab4394830d1affdaa4f8d": "settings.advanced.analyzeDisk",
    "14a9951fd052f9987828ea9e59c0593e": "library.title.emulation.notSupported2",
    "14ecd1494654f13d7d7a1c7969876f45": "injector.patch",
    "1508b06d63357212d0ce7f50343961a1": "main.notice.telerikError.text1",
    "1570e0e92ea80612e859cc5710ed7834": "window.suggestFeature",
    "15fc6508a20105386cf2660fc691d592": "download.error.retry.wait",
    "1619fb09fe2e56478772784887635f93": "driveCopy.prepared1",
    "16329db317d9468fc9aa8e56047392a3": "library.gameInfo.saveManager.importToCemu",
    "16a2eb95248261cc9a3f92031a833095": "generic.progress.upload",
    "16a418a65e5ac52ac98bcaf6b82fb9aa": "chat.title",
    "17abd6a8eb9ad275d698890b962bd0a9": "titleKeys.error.noTitlesFound",
    "18085b50eef87d1fc1d28929b15d8711": "unpack.error.magic",
    "1823940264baf306faca672313183760": "titleKeys.archive.dragDropTitle",
    "18373963df08cd1b6bf9d5b04c1b09fe": "donation.status.minerProfile",
    "186c30cab59f6b64a453778330d4bbf0": "feedback.subject.comment",
    "18bb8870a2f64eafe0d9f4777baecead": "cloudSave.community.title",
    "18d47e798bce3c60ed82eeebb9421677": "cloudSave.community.error.unsupported.title",
    "18de740b7b40980d2b1d13563f41af0b": "download.estimate.timeLeft",
    "19634ddb3809a76ba149a20d7f4b3174": "injector.notice.gamepad.message",
    "198df8d2a6272a08d3ec7895faa76713": "library.gameInfo.mods",
    "199edc9db23bf504145df17afab551a0": "library.addAll.game",
    "19a0111e0c274e90bb1db3deefbfa1a5": "library.group.installed.initial",
    "1b14c6e86d6a78b810b0ed997337c85f": "emulator.vba.error.gbaUnsupported",
    "1b41378a7aef57d7c2bf1862b914365b": "injector.error.javaRequiredException",
    "1b4df4ef158ea3a1962137d6194a74d0": "injector.error.unsupported.patch",
    "1b5fd3684d16735050c1dd087bfeeb91": "library.gameInfo.play.accessible",
    "1bee3142d1b217fbb89ddc3fa429eb9b": "donation.status.minerUpdating",
    "1cf5a886c66dc5eed3e482072de03add": "library.gameInfo.technical.size.dlc",
    "1d35f2488f268a1f82fabc416980c175": "emulator.dolphin.error.unsupported.title",
    "1d7339330efa3174f64cde043705536e": "library.title.verify",
    "1d91283fa79556ad91d236e9fd7862f4": "driveCopy.prepared2",
    "1de330f55b044b219dde65a942181c73": "unpack.progress.verify",
    "1df5a5ff4c6b3ac42896b1c35bd6912c": "download.status.cancelled",
    "1e816c4984771ea94c7fe769bba8f639": "settings.emulator.gameMode.force",
    "1e92b0e7212a0446cba6543b8dbbb94e": "window.adminMessage.title",
    "1e956ffd98dd854c6427e1e849b4309e": "support.label.field.title",
    "1f1fa02df7f9baffe38392f1bc289205": "downloadSpecific.area.fileInfo",
    "1fb66d43e6370a5e925a5d36b5444e65": "cloudSave.community.descriptionLimits",
    "20058fb4a8e3097ae4f9fc2d6b0b0534": "support.text1",
    "200c5e9417d166c290d474bbf2158301": "injector.checkbox.forceFourByThree",
    "2059f2fadf4b253ea99ee19d2bd2b406": "download.estimate",
    "20caad91817d81a748d0793dd6740854": "download.speed",
    "212428a2328a3dbe5334db421cdcb5a4": "library.emuSettings.error.notInstalled",
    "215e07afb3fe9e3a77f5c93c8fbfd809": "support.online",
    "2179ecae9a6d274f2a0d7e3df0b98d0e": "driveSetup.step.three",
    "2219eea362c53a56c0c33088422ddcc5": "library.shortcut.error.steamRunning",
    "22ae94157f635c4d6a61da1eeb4c89e0": "download.message.content.failure",
    "238cde6331711c1c2a7340f7a75e1f1c": "download.error.invalidBlockSize",
    "238d07eafdcbb7c76ec5f6279aa99a84": "library.gameInfo.technical.content.emulation",
    "243924bfd56a682be235638b53961e09": "download.action.sleep",
    "24c57be374c6bb2d049f1d8c69fc8d7e": "library.download.addUpdate",
    "24c83eaf47680936a2f5b7ecdf06e543": "injector.provided",
    "251bd8143891238ecedc306508e29017": "window.tab.library.title1",
    "252ff8435b673b5ee736c0f0b25d4b13": "download.message.fetchTmd",
    "256bed8581876e50ec1d2c98ecb1cda7": "transfer.save.notFound",
    "257e47865d37ec35974f31b68567028a": "copyQueue.message.finish",
    "2586923388044c3fb17026226c4ebdc5": "shortcutCreator.label.steam",
    "26bc083e24589370b84de699f244ffc3": "library.shortcut.error.missingEmulator",
    "271438b805e25b43c91c970a0158e272": "cloudSave.community.error.existsOnRemote",
    "27acc4814e0c2dfdc79e6689bf5142a3": "driveSetup.progress.readDisk",
    "27bdb45766bcb2dade2bff8315e77f35": "cloudSave.label.password",
    "27deced01ff2cf288a546a5d31df3cdf": "download.action.shutdown",
    "280cb8e4e672c55250b33f8828f476df": "support.label.field.email",
    "281addd356d0b72b00cfbdd93a93ee41": "library.error.prepare",
    "2837f338edfb009d1aee76cf145af2ab": "injector.animation.step",
    "291384668d9060a72271683af10de0c1": "download.status.complete",
    "297117956079d76aeef8d5ee32303f35": "injector.error.generic",
    "29b01a3868befa0c972d4b7a46421aea": "library.setup.downloadPath.popup",
    "2a37324bb4c331c859044121df3f576b": "support.searchPlaceholder",
    "2acb7485a138c242a0bd4265ba1da27e": "download.message.content.download",
    "2aef106ff0d9acba471a88d58bf94d05": "generic.dlc",
    "2b3a81b22be10f7cb45fa8790c298529": "cloudSave.community.uploadCancelled",
    "2b6121675ef6981debdf9028a3dd85ce": "copyQueue.action.manage",
    "2bd339d85ee3b33e513359ce781b60cc": "cloudSave.restore.button.restore",
    "2c38419d79bb3482555680b340b60ae2": "downloadSpecific.error.unsupported.title",
    "2cd63faed16d09636fa17c7a2dfb4c14": "driveCopy.drive.cantSeeDrive",
    "2dc4cd26ba0c7deb0a3526e07a2161b1": "mod.progress.prepare",
    "2dd59a557335ccd42923f08ead7efdfa": "settings.emulator.gameMode.info",
    "2e797087b926ddeb674b35f7ba7f2c03": "download.message.content.notFound",
    "2e8a1dd384a0c921125873fa176fe935": "download.error.retry.maximum",
    "2f949e639a90a77fda872a289014e3d8": "cloudSave.community.button.upload",
    "2fa491899c135c14ef9b37f45671eb94": "cloudSave.community.uploadComplete",
    "2fea59b7e470acac5ec1589d504da14e": "library.compactView.header.completion",
    "314c7ed1fdbf73f1346d5ecd165fd6db": "window.tab.help.title1",
    "319e302f8ee9a66f5c5a9a591e1012cb": "titleKeys.wiiu.title",
    "31fde7b05ac8952dacf4af8a704074ec": "library.gameInfo.mods.preview",
    "324cb08ae6ffb8d6828d5df6343ec6cc": "library.title.ready",
    "3253b263844edcad22d8ac56415218d5": "cloudSave.invalidCredentials",
    "32f6fd37a41fe07c692ce39a88090703": "download.error.retry",
    "334c4a4c42fdb79d7ebc3e73b517e6f8": "donation.status.noKey",
    "334c8afa74f85c5701b55a7ac7c313ac": "cloudSave.community.button.import",
    "3353a9ef293853a1139e45d6b94374f0": "library.group.emulation.initial",
    "33ab1ca67b9ef2422d22db4f6f2202df": "injector.error.unknownRom",
    "349838fb1d851d3e2014b9fe39203275": "transfer.autoInstall.title",
    "3500ba09d0538297440ca620c9dd46bf": "cloudSave.upload.button.backup",
    "350ff2c2468947e0c0d9818fce06ff68": "faq.title",
    "352f40a1dcdc1db3abee4d2b4477153b": "library.title.category.vc",
    "3531cbbee2f9ced3378acd88a77b6172": "download.message.finish",
    "35d9990e5b0cc6d65ba1acae19fc4c0f": "emulator.citra.fetch.sharedFont",
    "35ebdf8777fd008a930994c31aec96a3": "window.dock.bottom.location.extract",
    "36177c646ab2b5bdd2a830659e3b1db9": "download.manager.title.liveSpeed1",
    "361a5aaf9460ca302c90150375c09327": "injector.step.two",
    "3673241a994e7c1010704d08371362f3": "database.error.badProductCode",
    "36c35fe7efeed20cec380ef3713f1725": "library.gameInfo.saveManager.communitySaves",
    "36ebdf823344fc1eaf1f4ad72a1a9409": "library.title.add.accessible",
    "377a87ce774d9b51d1cc2511c415fa61": "injector.error.unsupported.title",
    "37a7e4c0cc8c9b0c2f0e8c6d91dac0c4": "chat.notification.title",
    "37d27b0316ee3054474a3dbd31fc932e": "support.label.field.email.unused",
    "37da7232296d6aceeb45519bb9f76d50": "import.text3",
    "37def382daa745257a44a29cbdff051e": "exception.text1",
    "38035bd78b5125efabd2ef5f074fc6b8": "library.emuSettings.button.launch",
    "3841f7bd4e64aaa7d347cd96086a9586": "window.tab.advancedSettings.title3",
    "387baf0199e7c9cc944fae94e96448fa": "window.tab.advancedSettings.title2",
    "392c7e068f8c46f57ff988b0577ee17e": "download.manager.superSpeed",
    "393b6c2eac332b3c426799d53cf23588": "download.notification.text",
    "39639048cba3a6af99f5ae6f5bbac968": "emulator.dolphin.progress.convert",
    "39eb8f2b604799a50ea06f218dea4f96": "download.message.local.noResume",
    "3a08e2e340ab29fd9263af48193cbf8e": "library.gameInfo.extra.languages",
    "3a09b28c2a227cd515e20a3e34345942": "download.manager.superSpeed.text3",
    "3afbd9828e011526955ca93b48b57524": "library.title.screenshot.title",
    "3b1cd89fc08fc5913624f868c2a34b21": "download.message.local.repair.failure",
    "3b584df008f8c1e9b277f5166650ef7a": "titleKeys.archive.url.text2",
    "3bfcba04a2f03d0db42c682f7057de93": "library.title.notDownloadedYet",
    "3d0d305e683e48c7f40f38851262f79a": "download.abort",
    "3e133152587686f128717a2049d0bd0d": "library.title.eventPreview",
    "3e937d04c1c83492260a33d926ca587c": "window.bugtracker.title",
    "3eaf99e2d1371ea9c43e7d298ca0d962": "library.setup.extractionPath",
    "3ec365dd533ddb7ef3d1c111186ce872": "generic.details",
    "3ee8b53a8aad211208f5f112de9ae289": "titleKeys.3ds.placeholder",
    "400632b878b95dfa3673be71cb3b905a": "download.3dsArchive.error",
    "4059b0251f66a18cb56f544728796875": "generic.info",
    "40e89780e10aa796602a2e06ac6bb2a3": "library.whatToDelete.title",
    "40f171779eba2fff39428624b7f62565": "cloudSave.manager.button.delete",
    "4102a560377828212cd45be38b47413d": "window.dock.bottom.copyAll",
    "4157e3cc3c822c624aaf72a8a8c7a1fb": "download.badBlock",
    "41894edf634513e13707847cf05d98ca": "download.action.copyToSD",
    "41bc510438555a5bfe8018d76850bb68": "window.restart.text",
    "431d3d2b59cee6d08a013c6b1a1b1579": "library.gameInfo.extra.controllers",
    "432e62cfed98c4dcef1ee57bef587334": "newtitles.addToQueue",
    "439e551a0610abb1295330a122601479": "library.title.add.dlc.disabled",
    "44749712dbec183e983dcd78a7736c41": "cloudSave.community.column.date",
    "447507e84d2a55cf7b1a7e48cd06ec22": "unpack.error.corrupted",
    "44877c6aa8e93fa5a91c9361211464fb": "download.manager.tab.speed",
    "44d13b1e72c62885187076b005428779": "cloudSave.community.notice.importOverwrite",
    "44eab2520acbb56b6e4567be5d362995": "library.advancedSearch.searching",
    "4530ff360b90439222b2b779696d03d8": "feedback.label.sender",
    "4568c93150126ec04be90b38a9945bed": "support.label.filesProvided.zero",
    "459a1353aec8cddc66f8b61f43988e69": "copyQueue.totalSize",
    "46193921c3804d09780a69e894ffb41a": "import.status.notInDatabase.name",
    "465220f538455bf4bfc3f224c97b7394": "library.title.copyToSD.accessible",
    "4657f4fd1f0c3e92a80f76655f03d203": "window.unpack.error.close",
    "4687e73f33eebd0688d65d4be91d7c28": "window.dock.bottom.startDownload.accessible",
    "46fa564bb1eed5cd3992cac85e8f094b": "library.gameInfo.screenshots",
    "476b6d7be0503208ed03c11690c95f87": "injector.specialThanks",
    "477dcc0bf371cc7cbff976bc71824300": "library.shortcut.error.steamRequired",
    "477f4d21236bbc334af9e272d79001c8": "unpack.wiiu.unsupported",
    "47e3e3054cf96004a18dbd4e1961aedf": "download.action.delay",
    "482abe9095df29dc5d1cb8c554df218c": "generic.experimentalFeature",
    "48ffd38fbb7dfe98ac870ab8feb7fbf9": "download.message.keysiteTicket",
    "4949e8a9a576fbc3b1d394ef669176b4": "download.error.missingTitle",
    "4978f8fb1056b2cc7cae846c5793ce26": "registration.text3",
    "498cd895eb5a102c5aeb977e2b928dee": "discontinued.title",
    "498f7faa423c2dcc4e11340d4bfbbada": "transfer.save.progress.fetch",
    "49b458ea00338ef0a2ec3cd593484cc6": "cloudSave.text3",
    "4a0410b6835fa454fa0492f07ff06a3b": "support.button.next",
    "4a2bd3b9ef2df8b60b7bead6b3b4b851": "mod.error.dokanNotFound",
    "4a91fd0ad75cd2e2d9a4926b17ff9c3b": "cemuDisclaimer.text.placeholder",
    "4ad7d3f6c38850e5cfc14495a29f1fe2": "copyQueue.action.sendToWiiU",
    "4b7c17efeaf8f6b946ffc2128750e831": "download.message.titleCert",
    "4bb320298147894dfe5d15a349429d6b": "library.emuInfo.error.unsupported.title",
    "4c41e0bd957698b58100a5c687d757d9": "import.selectAll",
    "4c5fb985ac3acf87b49c295c67baf03d": "registration.title",
    "4c9fc4c75cc5b88730832085b39d8300": "library.gameInfo.addShortcut.accessible",
    "4d5d17c7b30d198b0f99a4b14cf99485": "library.group.downloaded.partial.initial",
    "4d70254b3a8e2bc38b6147fa6ee813be": "window.tab.library",
    "4dd7c193d52d83d6e9004de841e25cec": "titleKeys.error.noTickets",
    "4df21882e975e7a010b33c789d9a25a6": "download.manager.speedLimit.title",
    "4e0f1d843b771ad60a0433f427ccecb1": "library.gameInfo.web",
    "4e5d2d7c30fda136949f1ee0e4879def": "library.addAll.update",
    "4e7902992214dfe4094b17eee77f1e71": "injector.text2",
    "4e7ec65117b67f807d553a8773697f9a": "generic.message.whatTo.title",
    "4eb104f870551f0521e58ec21c0ea6e4": "generic.eta.indefinite",
    "4eb8efcd461cecd9ac2d1d2cd145ee7f": "download.error.networkLost",
    "4ec6adba76e9702e935e69d6ff7067f4": "library.diskManager.label.emulationContent",
    "4f4e9d1c014893a378de20700152ee1a": "donation.label.status",
    "506953b829c2ebff903887820fc0d5ba": "generic.progress.fetch.data.additional",
    "5092965125a28a17f49ee460fbc1f62c": "themeSelector.title",
    "5114c7bf9189e5307021ac6996a32ba5": "library.emuInfo.verifySuccess",
    "513a1b17e815bb54c8570d5702b6192d": "donation.label.email",
    "515dcdeea97f27fde4ae7e614556f556": "window.footer.notConnected",
    "5259fff0e3cf0c0ea8ee98da98ee6b60": "titleKeys.progress.fetch",
    "52777d46a00807a4a0102f21bd726c26": "miner.text",
    "5323d167d3d058b436013f4386871ae4": "titleKeys.error.alternative",
    "53424597c5c8b29416840dcf99b9db5f": "download.message.fetchTicket",
    "534a364c495fb2c970deb6ed3ef11eac": "library.group.downloaded",
    "53a29b3a857ec7996cd8911dbb8beafe": "injector.error.unknownIso",
    "5441f702176711a4b213398c1f8f5e59": "mod.progress.download",
    "548bb431406ebb2d5ba9dd380ede692a": "injector.area.injection",
    "54f0e1c2e8c432434945a65344b13b72": "injector.nintendont.missing",
    "553725c33afca09b51b114e512eaccee": "driveCopy.drive.openExplorer",
    "557cc4f3886f32ce8ff4a2363fc8189d": "chat.notify",
    "55b97e84ed351fd7a6c4fae556ba8c77": "download.selectVersion.text",
    "565de6c2cd702d8df9274dd35e717e52": "titleKeys.error.fetch.alternative",
    "5680ae441ffd0103f8a5eff1d4edf8d4": "window.dock.bottom.location.download",
    "568715ec2a515c7adb3d5228e25be783": "library.gameInfo.technical.size.game",
    "57b5d77fce58fe095a424d37289662a0": "miner.button.dismiss",
    "57d72db9df324c7f73c8513ac0261ebd": "injector.animation.step.one",
    "583fb9e99ab31a6505cf36689f664420": "library.action.download.update",
    "58fbc46e4d522037f78b5cddc0073bb2": "window.dock.bottom.startDownload",
    "5948f3347ebc02ebc690227c059661e1": "window.tab.filters.title2",
    "59a2f10c3007620e0920e4e2c3dafb1f": "donation.status.notActivated2",
    "5a3587ee31f2ee11bc848ed75825cdce": "library.gameInfo.movies.note",
    "5a4191b3768d7020ea0807dae31bd24c": "chat.text3",
    "5a750f86ef41f22f852c43351e3ff383": "library.emuInfo.button.verify",
    "5a9bd6263b1ba00695b7fa63bfdd2ae3": "main.error.genericNewline.title",
    "5b664b04d9699ba9ee28db38072f6fe3": "titleKeys.3ds.title",
    "5bf8af0a3a166ee66405bb6383aa398c": "library.gameInfo.saveManager",
    "5c0b4a536990ff861eb065b63af1d507": "driveSetup.error.missingRequiredFiles",
    "5c155dd1544546ffe5ff6678481e64ec": "transfer.error.toolNotFound",
    "5c1d413507bb199950ea3d785f7fc998": "titleKeys.method1.unused",
    "5c76b3af8c27f1388f7c647c513ec4f2": "mod.dependency",
    "5d26bd95599f57181165e2226620df49": "library.gameInfo.technical.content.physical",
    "5d5b78699e57104f2fa03bbdf7b9197b": "settings.advanced.proxy.status.set",
    "5d63b50b29f02b87af322f62b37d4cef": "themeSelector.notice.apply",
    "5da8cf97951853531fba5e1748fc3a93": "titleKeys.method1",
    "5dc6f49d3e3347abfff3383f3890d960": "download.message.verify",
    "5dd135d1bcfa7f63c3b7f25425c2a4a1": "library.gameInfo.extra.score",
    "5e0a87a63fc5ac423f6a0e0cf58df837": "registration.notice.thankYou",
    "5e3c59364bccdee35c95c23bf2f3718e": "download.manager.tab.log.title",
    "5e567bf650640c58e9455ad2eb4b05bc": "transfer.progress.eta",
    "5e76785885ff990a2142f83f7dbdc228": "feedback.label.remarks",
    "5eda79988393ff5c9f3caefad3ccf753": "cloudSave.label.enableCloudSaving",
    "5ee5f1d2fcc408de96e0d522ed410ceb": "library.group.emulation",
    "5f27e35f4655855f41c258e1af0ddc35": "window.disclaimer.accept",
    "61412763c9c4c507b469cfd176e32391": "donation.status.mining",
    "6284cf9b244de4a09e79f78f61233a03": "feedback.button.close",
    "62949060951f702c0ae491f2f7bea52d": "driveCopy.drive.select",
    "62b6b3c0e025b8c073b6b974500941ce": "download.message.local.sizeMatch",
    "6311ae17c1ee52b36e68aaf4ad066387": "window.dock.bottom.other",
    "63225f80e46d9f2e6b46cc694c25f2ef": "injector.button.vote",
    "635c737da2c76b3202ff542e31b42191": "transfer.complete",
    "63863f98b2bb1c8adf18c8e0d06d804e": "library.title.customCover.title",
    "63a6a88c066880c5ac42394a22803ca6": "window.dock.bottom.refresh",
    "63b69fabade988335f768445090abdcb": "window.dock.bottom.addAll.game",
    "63c3dece28f7e7d1fb4658e34b313a58": "donation.status.activated",
    "63d72051e901c069f8aa1b32aa0c43bb": "generic.game",
    "6408f6407fb2abd592407c48953c874c": "copyQueue.title",
    "64c7618074957346dfcfa07e3b1f5772": "window.dock.bottom.batch",
    "65346b2265e7c789290e0b8c4b9f80d8": "injector.nintendont.missingConfig",
    "658b96aa469384c493f211b8c49c8521": "feedback.subject.suggestion",
    "65f667561dd33f6bde78452c57e7de9e": "unpack.error.notEnoughSpace",
    "66258b08f4e6c7c8cb2f1053bd21c73d": "download.message.local.repair.attempt",
    "66451a4de2c2380016851c3bb23ebe72": "mod.error.unsupported.platform",
    "666c2eb62b365e6fab0a8124bf407232": "cloudSave.upload.title",
    "66ed7e3a2763bc06024ff4677371154f": "driveCopy.drive.currentStorageInsufficient",
    "679c087044615b8b4aa716c79cf70681": "import.progress.success",
    "67bc2af290cc11e29b649997171cf7e0": "injector.animation.checkbox.soundtrack",
    "67f229090d25f77bd4a4baa65b798e25": "titleKeys.progress.prepare",
    "688d34000b5ee84ac10a42665fd214cb": "generic.progress.fetch.files.additional",
    "68bddc724a0aeb0b1d07ecb50ae1e4da": "window.footer.diskUsage",
    "695a07612481672d8a5e66fb4d65fe0d": "transfer.error.connectionFailure",
    "69ae958b377a3ddfb20da93f9bdda7d1": "library.addAll.update.addPrevious",
    "6a26f548831e6a8c26bfbbd9f6ec61e0": "window.tab.help",
    "6a8b09d3308f3e33e1811f488f603d8c": "import.status.alreadyExists",
    "6abf994cdb0279c7e41927ad7aa3f845": "download.message.content.reuse",
    "6b6aa0548beaf2615b5960f1e5561ee9": "injector.progress.differential",
    "6b8b4e8e2ba076b7892ac08a5d562f44": "shortcutCreator.checkbox.cemuUpsideDownFix",
    "6bd6c5bf0fa88fa6caf90037b9d48e23": "transfer.progress.upload",
    "6be8fe1f350dfdc59069b8893b742f83": "copyQueue.notificationTitle",
    "6bed9b127991cd5f79b3ed38e6848d6e": "transfer.autoInstall",
    "6df10ee427934de3d1fa5c99433c5598": "cloudSave.button.manageSaves",
    "6dfc77a11e4ea848d807b5365dd43d74": "cloudSave.label.showPassword",
    "6e416aa421e96f8254376689df1fd6dd": "library.title.copyToSD",
    "6f8b3484cb591d37ffbf4a4ace65f9ac": "import.text4",
    "6fa58902942575bd501eed92c098c7c4": "injector.error.missingData",
    "701542f0a476b60245cf1bd0f4dd3fdd": "driveCopy.select",
    "704239e7038789ad37fd0c0e47acd348": "driveCopy.wrongFormat",
    "70ed811da52c51ac7427cca259d6f914": "import.progress.search",
    "712efc1015553b905e506c769ee9e549": "registration.footer",
    "71ba9651d751103fc839d4262655ad92": "library.diskManager.column.size",
    "71bae8293f3dc7174ca5ac33998c40a3": "window.tab.emulatorSettings.title3",
    "727b63583e01fa2b3952dab580c84dc2": "transfer.abort",
    "728fad5e210c531cddaed1090d681321": "library.titleCount",
    "729a51874fe901b092899e9e8b31c97a": "library.diskManager.notice.deleteRawData.title",
    "72d6d7a1885885bb55a565fd1070581a": "import.confirm",
    "72ff5799f1013a8dc1c354a314206c87": "library.emuInfo.label.version",
    "73a25d6b4179400fc2025ca753c8a69c": "library.emuInfo.area.gameInfo",
    "73b423af0106343c060aefb660e79ff2": "themeSelector.text",
    "73fdc49ebd8de541d9fed7a59622ee87": "download.notification.title",
    "7465d7ba86910f75773ac9eadb34da7f": "library.diskManager.area.emulationContent",
    "7468c5c79e769382ad2f7f1a7570c5cf": "mod.details.creator",
    "74917867b77946f63e9758e02d512a49": "library.diskManager.notice.deleteRawData",
    "74ae801e8295ffc8e2e4fd6ad1c1b48a": "settings.advanced.disableGraph",
    "74f817f2c0d9c4688601503ca198a4c0": "mod.dokan",
    "7514c18dc4d024ca3ce11ecef5096906": "library.error.specialCharacters",
    "75893e1a0012eab6f6da3a99978193cc": "unpack.error.access",
    "75dd61b8b893c0d9b82309dd52118828": "support.label.provideEmail",
    "75f1813a89353e9c4b30bd3e24b22162": "generic.message.whatTo",
    "7620a0da5b017454cff9a3150178533d": "mod.error.conflict",
    "768b322b136f6c2c82c1f4e88142c25c": "library.emuInfo.title",
    "76ab7d13728f975e920aedb4c2297514": "emulator.citra.notInstalled",
    "771467c97df07423d7718ab6364e0a9e": "download.action.prepareEmulation",
    "78e981599281c16fe016b55b136edf5f": "cemuDisclaimer.button.dismiss",
    "795c190436fe657f17072b196d167f4c": "injector.error.patchOutput",
    "798154a7783b6bcdcd312331a830d930": "download.message.useProxy",
    "79e41f293980da78b8ed7b49ad5462b5": "import.status.importable",
    "7a61efc622cf3fc281c80ca44bc64fd3": "injector.step.one",
    "7ac3b7f724be849c53b1cf6757519eac": "titleKeys.error.fetch.noBackup",
    "7cf0c5be3039cffe42799e6e72e8a004": "cloudSave.manager.title",
    "7d641be39692577708cd586505f793dc": "support.title",
    "7e3564d70afb59087645e6e7a63b2b6b": "generic.progress.fetch.data",
    "7fbea4ba247d175c6b58afba9d359741": "window.dock.bottom.legal",
    "7fe3602bd38803b05b24763fdbab6d4e": "support.label.allowedAttachments",
    "7ffa85eecf0ef3427f90bae93f46745a": "library.sync.status.failed",
    "80662e1f485e79d07ef4973f6b1b9f88": "library.gameInfo.movies",
    "8144eaaa3a1db5748161ec93fa3b5f1c": "main.error.generic.title",
    "81618d034cda65a86a3fd11ac04884ce": "library.diskManager.area.rawContent",
    "81ec8cea705f227eed0f560580813429": "shortcutCreator.label.closeSteam",
    "82189ee394083d7aea32ef30d5e70487": "library.title.update.partial",
    "8263e8f2baa7352df7bec7084e428eee": "window.title",
    "82fc8d9c30b3ddf5a90debc3bb47a12e": "donation.setKey",
    "8306966bc9cdeb98b384c330937a3bdf": "emulator.cemu.notice.outdatedDriver.suggestion",
    "83707b568d08b79c9d897258bc12a317": "injector.progress.patch",
    "8379a44ba9f8c8331b590c1959a90429": "injector.template.error.unsupported.title",
    "84a9a9216cfe786669e2f23d63924e7d": "injector.button.browse",
    "84f49df02ce51ea27f0adfb21ba8e8eb": "library.download.addUpdate.title",
    "8524de963f07201e5c086830d370797f": "generic.progress.loading",
    "854afc93e5a3132c8de010384dd898e0": "download.queue.clear",
    "85aca5d6740c90450ca1de6ffa186cba": "injector.text1.placeholder",
    "85babcba701bf07363ef642aaa5180cd": "injector.animation.step.two",
    "864ae177d66182e59aab3f1e098f8f50": "miner.notice.thankYou",
    "869e84fad9a666ac8b85eff453abbe9c": "window.legal.title",
    "86a1a5574755840f5922f441aeb81bc7": "titleKeys.error.invalidUrls",
    "8721149f3d9e4fd5533a94387db8a3da": "miner.button.accept",
    "8735613da655e6e6a65f09c006801370": "injector.patch.title",
    "876d0ac927e09090f249152c41a6a14e": "library.title.delete",
    "884f4ef9c12e4ccbe03988cea8da3a4c": "titleKeys.error.fetch.backup",
    "8870c5707e5569b36f123e54cc9a864e": "support.button.submit",
    "88c8b43931ca519b769e4fe491bcf0e8": "unpack.wii.error.imd5",
    "89178a34db68a84b12eca44d52e6eecc": "library.download.addDLC",
    "89d91be092878ff56ac82fbd5e3ec4f7": "window.tab.contribute.title1",
    "8a0f7a124d5c9b31a49d3c85f4e38f58": "download.message.local.detected",
    "8a1963dabed4984eab6979ad98e9c5c4": "main.notice.telerikError.button.installDotNet",
    "8a398abbb120a35320a3d669ae71d92e": "library.gameInfo.extra",
    "8a9bcb470829a2700a5cdb78698fbd4b": "import.status.ok",
    "8b04a79b36e6296d1060d9e766813163": "download.manager.superSpeed.text1",
    "8b781c620efeebc33c3a702353079b10": "download.message.local.resume",
    "8c2179e9c53acb26b206596e3557a7a6": "injector.notice.javaRequired",
    "8c42fdb737863fcc92c98971d6f63677": "transfer.save.description",
    "8c468caa2194f01589edba570703ab5c": "library.titleCount.zero",
    "8c5e39fcbdc7303f11a578a76e32f7f5": "cloudSave.loggedIn",
    "8ceab9ba80e4d7925657e4c7bff27dd3": "discontinued.credentials",
    "8d990173d33e34badbc5dd176be819a8": "transfer.save.restore",
    "8da262814ec43323046391c3b7980f89": "support.error.badEmail",
    "8e6aedcb265b29d2a3940d1d034e5e58": "window.debugger.message",
    "8e935334f09d716b1b9d14245f9ec45d": "window.tab.emulatorSettings",
    "8f7f4c1ce7a4f933663d10543562b096": "library.gameInfo.title",
    "902b0d55fddef6f8d651fe1035b7d4bd": "window.exception.title",
    "912aaea0c5941ed8a5542a4e1333bfb8": "download.selectVersion.title",
    "913eba1f3a2fc500e62eaa182833e2b0": "feedback.progress.submit",
    "91563b044939df33670bd362715e334e": "window.tab.advancedSearch.title1",
    "92037fdbeba756932d13d03a23e4a258": "library.emuInfo.label.status",
    "920dd1b844194854675fea1a67b8657f": "unpack.progress.prepare",
    "924c2f0f5fe0ef02fd7780f08fd1c37d": "download.manager.title.currentGame1",
    "928cceafdd133427170f0bbda9b40520": "copyQueue.message.header",
    "92cc54b1633755b91f46c61f621d4713": "window.dock.bottom.import",
    "92e45d7194266405057861f5351dbe8a": "titleKeys.method2",
    "931f9c41d21dce894232ef44dccd8ca7": "library.filter.cfw",
    "933dda11f168bb7761108fdeed7e8ec7": "library.action.pack",
    "93cba07454f06a4a960172bbd6e2a435": "generic.status.yes",
    "94391f79e76f60c8d7cb00cdc08a2bf9": "downloadSpecific.label.fullPath",
    "94d1d7b10192d02c1cca25fb25984bb0": "library.title.add",
    "952e3a3eba8e6c64a79bfc9249871d79": "window.unpack.dlc",
    "9591216b97e84bdd68eb9acd1cc93c2d": "injector.error.outdatedJava",
    "95a55da9580d36e1b48c0c7cd7ebbcb6": "library.addAll.update.addPrevious.title",
    "95cf9f6b19c2a44caa44015f90fc3577": "window.footer.notConnected.initial",
    "960a2a7724c7292858e4ba765196ecb9": "support.label.remoteAvailability",
    "96bfc9a0bc45b95cd2e7f15e0588a3ea": "download.error.contentDownload",
    "96df7d7645eef9fd3e9733f07fdd8465": "injector.notice.javaRequired.no",
    "970e52cc3dba222727005d2de6e1960e": "shortcutCreator.label.desktop",
    "97622d02d1d8d99574e683a7fe93de6a": "emulator.cemu.notice.outdatedDriver.message",
    "97b970953812a510bb145b3638f2e575": "cloudSave.error.unsupported.platform",
    "983c3bb77bd54f9ed411050dfed4292f": "download.message.content.total",
    "9887a4451812854f0f1b6f669a874307": "window.tab.contribute",
    "98afcd483ac532fdb9461726c6a1984d": "library.title.category.native",
    "98dd43dfae05b11befe1f140e0ec787a": "library.emuInfo.installed",
    "995337c0c164e1c3cb52acbb35b1c418": "library.setup.downloadPath",
    "99640104d929cb8c31279dfea66cdbe2": "library.gameInfo.technical.players",
    "999946b8cc71ded5c626d8000de1aa37": "main.notice.telerikError.text2",
    "99edb6bc26a2d0e2c244cd89ed89352e": "library.title.discOnly",
    "9a78e902911a945e58bdba5053b1b8dc": "library.emuInfo.area.dlcInfo",
    "9a843f20677a52ca79af903123147af0": "generic.welcome",
    "9ae3a3f70a0221b199a709b299346e7b": "library.gameInfo.saveManager.restore",
    "9ba66a9f92056682b7d86a38b4bc18c0": "settings.advanced.proxy.status.notSet",
    "9be590f4d4a93713da5ce1fab04d27bd": "faq.textbox.keywords.placeholder",
    "9c8c510580f9584de6c9d38bb4163aae": "chat.clientCount.zero",
    "9d2524f46063453c6d53a34834a1cb99": "miner.title",
    "9d5b2de11e4478e4c2576a655124f81d": "downloadSpecific.downloadPath",
    "9d8957d996691e8ab4b0f8b281659840": "downloadSpecific.button.downloadSelected",
    "9e30a0581cb4a2a80a50a440cd1f79e7": "registration.button.register",
    "9e4a08e99a99cd0ff0c1acdfd67ac032": "titleKeys.progress.metadata",
    "9e5f17777e062773ff345d1857309e9e": "titleKeys.archive.error.invalidUrl",
    "9fa50d42ee470990350ab9ea6f3cf411": "library.title.add.update",
    "9ff7aedbb97ead6f3840ce4cf984d800": "window.player.title",
    "a06ae91cb625525e4cd9361689a839f8": "support.button.furtherAssistance",
    "a06e40f52477981e6ecee3526d6aec2b": "registration.text2",
    "a077a1cdafc9224d54c95d18660a2bc4": "settings.advanced.storageLocation",
    "a10311459433adf322f2590a4987c423": "generic.status.enabled",
    "a196eb5b830c2a6c6dfba0150d6f7dba": "injector.text1",
    "a1dfc1f2563b7aa3666080817b5d0077": "injector.step.three.retro",
    "a1f0cd2c55fce75c01508b6a1d48f3f1": "download.error.retry.attempt",
    "a27d4b60a16721aebcd9ffab4a8e14fc": "library.title.description.estimate",
    "a2ae0b17c4736e5ae55524dbe06aa1bf": "titleKeys.wiiu.placeholder",
    "a2df799876543c0c838d59339c9109bb": "library.title.description.injection",
    "a364b221c4c63fdc2d43f11c3a306915": "injector.error.javaRequired",
    "a37f491603952e22975d2630200da41b": "library.compactView",
    "a3dc799f7c389cfeae2cbf4a8ac6673b": "download.manager.superSpeed.enable",
    "a408f526f84e22ce9c8f22c46dfab6d7": "library.download.discOnly",
    "a46d1f9dcfbbd8c5d5171d6d3b2bced2": "library.emuInfo.button.deleteGame",
    "a47793f255d3bffa3a6c4acfdf290a5b": "faq.label.helpCenter",
    "a4d3b161ce1309df1c4e25df28694b7b": "cloudSave.community.submit",
    "a4ec86fa91cfaab27693925752196705": "registration.text1",
    "a543f9584060e9eeb64a73e8bf702ad9": "emulator.cemu.notice.outdatedDriver.title",
    "a574ccd827c3f3d3ae507f03da54503a": "downloadSpecific.area.filePreview",
    "a57f5332b0a464437a38c4dec1fa1fbc": "download.abort.button",
    "a5abe9b829d98cfd9b3b59261b2c9e38": "import.title",
    "a6a04307fd90d0c2821b45125e6a0a25": "library.group.downloaded.initial",
    "a6b7476c08038cd3dce9b22a5493dbe3": "support.text3",
    "a7046e0e739c4681384602d726ee44c2": "window.adminMessage.text",
    "a732d554fca3067cc3182330dd1f426a": "library.error.specialCharacters.title",
    "a83eb33a3b620315bbf5b86227965287": "download.manager.title.allGames",
    "a8620874fcaabea008e0f8dfc15dc1e1": "library.emuInfo.label.emulator",
    "a8db932e29557a1ffdd319b49d61e03e": "download.message.local.badBlock",
    "a9afac60dc7fbb71578ca5adc05ea801": "download.message.serverTicket",
    "aa3cc3e2d4eb4764bf451b65d82677c6": "support.error.submit",
    "aa4fa30790262652365ba33c56fec060": "settings.advanced.proxy.status",
    "aa937efb722ce720e1e1868e5f235697": "support.error.fileTooBig",
    "ab881e45810d878ec93fefe487708820": "chat.type",
    "abbdc9d89a614b52ab651aeb815005c9": "titleKeys.archive.error.invalidPath",
    "acc7f33f71c46d244cb219f39a8289b0": "import.progress",
    "ad43c797d86dd52972bc73b81bc2e72b": "credits.title",
    "ae47456c7b991318554e2570896c9a99": "library.download.addDLC.title",
    "aead2294f9f35b0f6bbef6e0b95b2b23": "driveSetup.step.four",
    "aead77e731036118d682603b6f4f416c": "titleKeys.archive.dragDrop",
    "aebc1ff48c5f0c990cacd13e38e475db": "import.error.nothingFound",
    "af5ac1d489eab48d91cf49550c4f1916": "library.group.downloaded.partial",
    "af6f5f9500318fae7b67f36dab80ee92": "window.dock.right.downloadManager",
    "af884ad4d126926c29d7fd1357b408e3": "library.emuInfo.progress.verify",
    "afe8feb0ca496cb11e7b99bbd2e0e940": "support.checkbox.remote",
    "b082ba3890d3bf46b26be7e73b1dfcac": "settings.advanced.disableShortcut",
    "b0da3551584839eabcaaf2f14d0eea5b": "shortcutCreator.button.steam",
    "b14ead55fd7c643372366c9957213b66": "credits.text2",
    "b193541da282fe7836e01ce17d7a6e1d": "chat.title.newMessage",
    "b1ce568d9e15c3966ecd507746210a69": "download.message.generateTicket",
    "b28eef8c9f7eb04ed62491cd18696745": "newtitles.title",
    "b2a23df8e963d48a165b770599b04fc3": "miner.checkbox.pauseDuringPlay",
    "b2c3d5cfa649ac1e628d297adf90a22a": "injector.step.two.retro",
    "b2c7e32402ec3157c35e7008edd09324": "library.title.customCover.fileFilter",
    "b310b11934ec23bd197f8254f2e7328a": "injector.progress.base",
    "b314a4368ad3da9a44696d5489c5d432": "titleKeys.archive.fileFilter",
    "b3470da854d578b22662ef615367929d": "downloadSpecific.error.unsupported.platform",
    "b415c0e61fcfa77435c41b1d19cc0c2b": "library.emuInfo.button.deleteUpdate",
    "b4be6019664637bc8c762b9c2e019609": "settings.emulator.gameMode",
    "b5127f549382e53b0ef44d620ecc2a0a": "support.area.attach",
    "b53a1be6ffc67b66ec41cb84eb2060a4": "download.message.content.progress",
    "b54e201ca44d750e2280f242d2b9dc4d": "driveSetup.step.one",
    "b5501aadfa158fe03a6f644fdb6bc128": "cloudSave.manager.notice.delete",
    "b633fdd6f663d3ffcc2f9e31349b991c": "library.gameInfo.technical.titleId",
    "b65fe597059025f73aaf29f1b5d79c8f": "library.download.complete",
    "b672aeb2312c781293b5d795eabdd5af": "driveCopy.drive.totalStorageInsufficient",
    "b67a9a449d1135ea8e939c6308e207ad": "library.noRegion",
    "b68f76f94251ba1a61c1ff892b5b5ce7": "download.manager.title.currentGame2",
    "b69f7e9053bb2ce483d00679cd4047ac": "welcome.disclaimer.unused",
    "b751d9bb9abedc1e2f846769586e2eac": "support.label.provideDescription",
    "b7601d6f209a3a5b3bb8c8618995625b": "library.diskManager.progress.analyzeDisk",
    "b763ce0a70b49b59c3f9312c6c9afc59": "library.title.add.update.accessible",
    "b7678df37e352fe6cfbdd62f6344b91d": "titleKeys.archive.save",
    "b78a3223503896721cca1303f776159b": "library.diskManager.column.title",
    "b8281088703b43cfc9144d3d34c80849": "import.text1",
    "b83f92aa62892b8816669ca7d8d45090": "transfer.autoDelete",
    "b85849ff6ef171fb5456911e3553b72f": "library.title.downloadAndPrepare",
    "b8c0d585146f24215a9af6849410315b": "exception.button.helpCenter",
    "b8f722bb2a608b75098645b3a4626929": "settings.advanced.proxy.url",
    "b94d8a074eddd267702810179875737f": "window.debugger",
    "b96b4e0c6c6f72e51ab49c20a5515464": "credits.text1",
    "b9700e70d869cffc3e2a49f890796e7a": "support.page.contact",
    "b9b744b8396a7306963e72ec46416181": "transfer.save.error.import",
    "ba1f35f30f13b9b6f9c7945d84f1a036": "download.message.tmdNotFound",
    "ba9fc039a0bb3daa95a0cd028f71c328": "cloudSave.restore.title",
    "baac756e85c779874145854cc21196b5": "download.queue.error.noRemoval",
    "bafd7322c6e97d25b6299b5d6fe8920b": "generic.status.no",
    "bb55ebc03e8133522a30f69d32d5eaa2": "chat.text1",
    "bb8ac7cdfedcc8a447f04fc764152c61": "library.notice.programFiles.suggestion.title",
    "bbded5559975e5eb3bcc2486c42204ef": "library.whatToDelete.button.raw",
    "bccaa4aa80831b76c11240a16447975f": "library.compactView.header.console",
    "bd1d0debe6f7f5c6f62f15fd9a764377": "driveSetup.step.four.description",
    "bd3ff2f6bc37ff2eaade479563b1787f": "library.addAll.dlc",
    "bd8aac26966e7011ba6db9be47bdcb67": "download.manager.title.currentFile",
    "be532b13a0bc92c96974b1d975706b73": "advancedSearch.action.clear",
    "be6bc473ce0b861485fadc2a6c22ab26": "library.action.prepare",
    "bea4c2c8eb82d05891ddd71584881b56": "feedback.title",
    "beace00342c6ed97c35cf650b9d30237": "injector.step.four",
    "befa551b7ecd4a14c8ae25dcfda8697b": "library.missingEmulator",
    "bf672a66b43be79d49d7f30dca559bb2": "driveCopy.addAll",
    "bf82ab54785e8de4004513fd95125e89": "library.title.category.custom",
    "bfa8ee5719617b86a8186583f7d82dba": "download.message.local.good",
    "bfcc17e5b0da1fe50082d736fdcb60a4": "download.action.pack",
    "bffe9a3c9a7e00ba00a11749e022d911": "cloudSave.area.login",
    "c048a563e2d63f323ec27f6a269395b5": "titleKeys.wii.placeholder",
    "c05264fb849ee82f4d6668ea04cfb66a": "library.notice.programFiles.message",
    "c1069a480848e06782b81b8bea9c0c94": "support.page.description",
    "c12a2d9ebe60fd3d4480c779ec11c3d8": "main.notice.telerikError.text3",
    "c1b54d72416bf7a3fecb7ee88c1b260b": "chat.text2",
    "c1c694bd849d91d0eb34bfef8c2d8894": "titleKeys.tickets",
    "c1eaa69528bb59b9aadb8e1a7c84a5f2": "cloudSave.upload.text",
    "c360639f51cb2625a9439974e865a683": "generic.progress.wait",
    "c38c50075105fe43a2e66a99a467821d": "titleKeys.method2.unused",
    "c3bbe0c846307740bb29bf0fa8fd3a04": "chat.room.main",
    "c3e385ce39c7eabbf958d68c3b04310e": "support.text4",
    "c441ee50c88f6e5e3a7c69fc69dad8b8": "library.gameInfo.web.commands",
    "c455669c28f4e0682ec3bd84a3e6d10d": "driveCopy.drive.title",
    "c49182dc0c7a70b9cd2e10853d9ec6c7": "window.changelog.title",
    "c4b172dfb2eb5f6106b64c108c3c30a8": "window.footer.connected",
    "c4d18f5c883a6ee7ef48e81fa1f4c4ff": "driveSetup.error.missingOtpOrSeeprom",
    "c5825d8c1f92e636fe5140e6cb7a526c": "main.error.useUpdater",
    "c5c3cc65534acbf7a564d56ed5316556": "registration.button.miner",
    "c5eb57dd5ee58bce8e6cbd2fe6931df9": "window.tab.advancedSettings.title1",
    "c6775b4a401a5da742e83e9f003e6735": "shortcutCreator.button.downloadSteamLinkConfig",
    "c67915367144c29a0b8527214e8cf503": "registration.button.dismiss",
    "c6a181d3a8253f1819ee04d86b22b3ed": "window.update552Warning.title",
    "c743f6c6ecf9810a09076143fd4c7f4c": "library.download.cbhcWarning",
    "c751439d0db3883ac1c8e816327adcab": "titleKeys.title",
    "c8162f77802a105adbde7bbc3bb15db7": "library.gameInfo.extra.title",
    "c85c76d51cb8df3b192db5875d21a52d": "window.tab.emulatorSettings.title1",
    "c8ed3fb87ffb419c2e4b2faf8946f3d7": "download.message.aborted",
    "c9f29000a4af9ede31bfe9db490c3170": "window.tab.emulatorSettings.title2",
    "ca0bc860ec23530463818429a3cc2ddf": "feedback.subject.feature",
    "ca869fb2c852ccabb45858ddf69283d9": "download.queue.title",
    "cae8d14edd025e72c59dbab6f378c95a": "chat.currentUser",
    "cb0a0aff4fe75b2b7c81c6a0ce3eb50a": "library.diskManager.title",
    "cc4bbf4d517ea5a1b802b2a0415ece4c": "titleKeys.progress.fetch2",
    "cd44af17087ef74cb31b83add6ae2b85": "window.update552Warning",
    "cd4e65d959c181a6c42b57f47e56e716": "window.tab.advancedSearch",
    "cdba5a11774ee5435dbf4278aedb7df7": "library.gameInfo.mods.suggest",
    "ce0be71e33226e4c1db2bcea5959f16b": "download.manager.tab.log",
    "ce76eca9e904b41670bbbd69fcd846a4": "library.download.pending",
    "cf13ff41ad2cb22eb73910d382c24652": "library.emuInfo.area.emuInfo",
    "cf6f6311c670350aaaf15312a6f70ccb": "titleKeys.text2",
    "cfc0db32cdd53845a397489eea04a783": "window.dock.bottom.region",
    "d0adb972b040ab6fe508b43724208532": "library.emuInfo.checkbox.doNotUnpack",
    "d113897b43a4db4ded26c27eba56ea22": "download.action.unpack",
    "d12fb360f73c34226d1e50228875d8cf": "library.emuInfo.notInstalled",
    "d143a78dd1c7e6e51667eb899b4521b9": "injector.drop",
    "d1b17c97c1b0c950e5b537bc852f32ef": "library.filter.legit",
    "d1b86fd89cbdebf995454d286560d6cf": "library.title.emulation.notSupported",
    "d1ce6654646dc7c5d74c5be0e9fe8d87": "library.title.add.dlc",
    "d23c34399e9774bd76a98e40a3d0882c": "titleKeys.wii.title",
    "d31adfd7652acb45789fc9c59712ad1c": "library.sync.update.new",
    "d3b61b8b4c82e3cc8299ee12d35e524d": "library.action.commonPackUnpack",
    "d3bfc7bc0fe46660757cb92991ce7cd1": "library.download.partial",
    "d3de52109c609784f2e4a28d0e9fdb97": "library.shortcut.done",
    "d40be9e12abbd427e3858d532a15ad91": "library.shortcut.error.missingUser",
    "d4755a33463f022d7ab8455bcdd81310": "download.message.header",
    "d48a1e622ce6e9a4d717bdeca7ba8329": "generic.progress.programStart",
    "d4994b9fea3203e1ee3dfaedd74426c3": "download.action.title",
    "d554989b663dd6b400e30300d08720a6": "library.title.add.dlc.accessible",
    "d58a99fedd431d93db98bdc17dd9c95a": "unpack.error.fstUnsupported",
    "d5a21a89b72817031c63a25c291497a5": "import.status.notInDatabase",
    "d5cdfedae941c5a9a9d23101450aba7d": "injector.progress.prepare",
    "d602bbaa88aa7ce93588d11199613dc4": "library.filePreview",
    "d6236e475a9cb1d6e7822c8cdddcaf65": "titleKeys.archive.error.wrongTextbox",
    "d66981e62e3799d9a18cd7534e4531c2": "emulator.citra.fetch.systemArchive",
    "d6a62189e3ead96f458b5dc234c76b75": "library.action.mark.installed",
    "d6bcf0f7749455639312e00dad183fc1": "unpack.wii.error.header",
    "d794256cf4c28e1582c9c986c1cc95ed": "library.action.download.dlc",
    "d7cd6d68037e30912e3f7fac4cdc5ac6": "transfer.aborted",
    "d7e4e48d0c8937cb527bb3d4d3747f01": "injector.label.drop",
    "d7f1c4ddf91c6ff66caf3ae9f79dffbd": "library.download.cbhcWarning.title",
    "d84a19c4832df5e294ba22fdd8774322": "donation.label.date",
    "d84d7003783d74653b6b20db2c9812bc": "emulator.cemu.notInstalled",
    "d881541f3dff1b3218801665698d8e22": "library.gameInfo.mods.cemuOnly",
    "d8833a6e28f690fbadedd080fd4f4639": "library.group.installed",
    "d8be98833eb375f3c44bec8b06f6c389": "library.emuInfo.label.emulatorStatus",
    "d96bb8fd6268e8e2799d248fdeb323d1": "support.text2",
    "da09f093bea5ab2d51c1e1fbb5548d1d": "window.largeBuffer",
    "da52d515dabeecd661e304680437759f": "emulator.cemu.notice.outdatedDriver.suggestion.title",
    "da58a60624374f97bcb92869bb1b9f80": "support.submit",
    "da7683bce29f62bd0a66cc7453e06218": "support.error.noDescription",
    "daf74eddbe2a841060085c428e71a5dd": "injector.notice.javaRequired.yes",
    "dafeacdbcbbb2a135e6cd62cc78307d3": "feedback.button.send",
    "db353794f9051a55e874e1a10a8130ef": "cloudSave.status.downloading1",
    "db3cd7f50c036a280c9c8157e2111a53": "cloudSave.howTo.title",
    "db84336d7e1d740dcfbd639491250374": "support.assistance",
    "db960eb938c8676d06cce24f2a6e18ea": "download.estimate.unavailable",
    "dc2f29e9f83fa1bd7091b3c89a3c5b20": "library.sync.update.copy",
    "dc30bc0c7914db5918da4263fce93ad2": "copyQueue.clear",
    "dc9d4a0ecd46158932611e0c35055847": "cloudSave.community.error.upload",
    "dcafbe9aa3e732276ffc67416ce55451": "library.title.description.developer",
    "dcee5d9df23d1131606c1a6193d90852": "window.helpOverlay.button.dismiss",
    "dd0d1fa9f5026c9c55269192fb739dac": "exception.text2",
    "dd7cca003752d81deea69bb0965fe6e2": "transfer.save.import",
    "dd82991e87f93b58b2cc6062dfc3a462": "import.text5",
    "dda9c06f33071c9b6fc237ee164109d8": "library.gameInfo.extra.rating",
    "de09014ba5318d8973042ae8c6d68e98": "copyQueue.message.progress",
    "de3c731be5633838089a07179d301d7b": "library.action.play",
    "de61f5587dc128ed0cf8675d1bd3270c": "library.action.unpack",
    "df2553ec819e683073b0d24b6e9ce1a9": "download.manager.fileIntegrity",
    "df9083d862eab9270b9b5372fbcad2d0": "main.error.alreadyRunning",
    "e0699e9dcb5a33a90f14c53132aad2e9": "driveCopy.title",
    "e07cb2b923c70227b54fbb0d8064fe87": "library.filter.preview",
    "e1159542e6850c80e0ee2a0bc2e34e24": "chat.room.game",
    "e130a955e1b6c549ede2f84328d68cd3": "chat.mainLobby",
    "e17109a17feeab6153216c7c7b6b7319": "download.queue.total",
    "e1dc59bfc0f1fc81d2e8a0745d09a450": "library.title.add.dlc.cfwOnly",
    "e2268ec191dbab2afa2eba2a871ffb59": "cloudSave.upload.error.noDescription",
    "e256e92bca631946a8a5496ce3a16d05": "welcome.error.disclaimer",
    "e28cd214befa874059c5a1348a158ca1": "support.area.remote",
    "e3b0c9603f4e188563098dca618798f4": "unpack.progress.extract",
    "e3fbb0606c6184cc66c4cb6937c43702": "chat.clientCount",
    "e4858968e40098d01e28d523213ad117": "injector.animation.step.three",
    "e4d72ae839222c9ef7a916685962214d": "library.action.mark.notInstalled",
    "e5f25f3cd73b281a9190ff0da4c339b4": "mod.details.link",
    "e61e7954e32bea9a083cb8ad1db02dae": "window.footer.diskUsage.computing",
    "e6c67711278b2d0ded4099a4e1c70a24": "newtitles.text.unused",
    "e7224c7370783bb3f68db8b3e259f5fc": "driveSetup.finish",
    "e723524f4c1d06ff9d9659dfed2b8ebe": "cloudSave.error.unsupported.title",
    "e78afc884db5db76fbb6c36d7bc24d40": "faq.label.typeKeywords",
    "e7a09774ca4e4791c085dd7337ba3fe3": "library.gameInfo.addShortcut",
    "e7d0af86fe3a2b52bd9fe4e3c063d0be": "titleKeys.archive.outdated",
    "e7d31fc0602fb2ede144d18cdffd816b": "generic.status.ready",
    "e7dcfd33bf6fd9104eb2d93f5bdb629a": "unpack.wii.error.imet",
    "e8d74e2d7be7b62bc9961dbb01c9e643": "donation.status.notActivated",
    "e8fbd295e8c8cf293bad494f8cbe699a": "library.title.notInstalled",
    "e92b8408dedd82d1cdd4a0a4c037ffc5": "injector.provided.placeholder",
    "e96133679253a8ef1585d3e6e8a80aa3": "titleKeys.archive.url.text1",
    "e9b1fb99382b20a7ce0e53e71094432b": "window.restart.title",
    "ea4788705e6873b424c65e91c2846b19": "cloudSave.restore.button.cancel",
    "eab4dfa7ba53c4aa0e79b6c06fb79f70": "driveSetup.step.two",
    "ec173d3c8f63f80669240a56a010797d": "support.label.filesProvided",
    "ec53a8c4f07baed5d8825072c89799be": "import.statusColumnHeader",
    "ec77fd11c4d92e7c2009a2739b72a833": "cloudSave.text2",
    "ed3f5cca6a82a0e428e6552c47513275": "generic.progress.extract",
    "edfa8637864a7b39e49afe2096b5c704": "database.error.badIconUrl",
    "edffb4dbf1909eea3e52b586c82a53d8": "library.notice.programFiles.suggestion",
    "ee1c865b23feced2e6901e2b1cfe07b6": "library.emuSettings.title",
    "ee2bd756838f8f0061bc1ca815855453": "library.sync.copyUpdates.title",
    "ef15ecbdadef15846e791af8174a9e8a": "library.emuInfo.area.updateInfo",
    "ef29dd4779175542ce83b7fdb48240af": "download.manager.title.liveSpeed2",
    "f03cde86b78c77ee746717eddc8d8909": "driveCopy.drive.openExplorer.title",
    "f042550daead6bc4fd245e00f4db8da1": "support.label.field.description",
    "f0f61dd45f5071471e628b786201584f": "unpack.progress.makecia",
    "f1ae3ecac20fc1dd8e36fae00ac572bb": "advancedSearch.action.search",
    "f1fa31804ecaac14508bcd604bddad79": "window.dock.bottom.rightClick",
    "f266908c86eff287621685f1d0321bfd": "cloudSave.restore.error.noSelection",
    "f2a6c498fb90ee345d997f888fce3b18": "library.diskManager.button.delete",
    "f2de5d4b58a13df76040daf2ae9e256a": "miner.error.architectureUnsupported",
    "f2ed48b52e31e2a60115b5f36597df38": "cemuDisclaimer.text.template",
    "f3f43e30c8c7d78c6ac0173515e57a00": "window.tab.filters",
    "f43633c1bfc47dcda3e88a0542211f93": "injector.error.shrink",
    "f46d1f4dcc2cc5f435650252028abc2a": "library.title.update.complete",
    "f4d3d14940599d7900782b6ae75b9463": "exception.button.close",
    "f4e5293eafc7deb0e678dc7eab25d3f6": "library.action.commonPackUnpack.unused",
    "f5278cff916724227053709e550f85c7": "generic.eta.definite",
    "f551e4a1341a7dfb15fc1ddd8f07451d": "library.emuInfo.label.emulatorPath",
    "f63c0f65e3127952c824e35520bac45a": "download.message.content.size",
    "f64bfe325756d0963202b40d1fcff339": "cloudSave.title",
    "f66fe0927e480f1d986f873637f5ecf1": "library.title.customCover",
    "f6923939f9ea464b571d484d8252ee82": "injector.area.drop",
    "f6c86e91fc2de1580e910b12dd8357c0": "cloudSave.community.importComplete",
    "f6dc7e29ff977801d25677929747cb15": "shortcutCreator.title",
    "f7015f1241b070500b42ecbdcd3b7a15": "cloudSave.progress.fetch.save",
    "f7553e8c76e73671426fcf8158e5817e": "window.dock.bottom.credits",
    "f770812b420f5010617cb6c68d30899a": "download.error.invalidBlock",
    "f81dae8f9926f7b8a5eb61396ea5c4c2": "newtitles.text",
    "f8581eb9ac076bf3ef22222c4b1ea551": "cloudSave.button.loginRegister",
    "f883924d4e3b251ac697a5bfb3b4b68e": "settings.emulator.cloudSaving",
    "f8cb4b31358f17fa37cfae6c2a0a13d3": "download.action.hibernate",
    "f98411e81a905fd73e551de99c905486": "library.emuInfo.button.deleteDlc",
    "f98ec5fcb15383d3f2ec54cac547c8ce": "injector.button.prepareStorage",
    "fad831846fa5ee3d7044578ce0d7544a": "library.action.downloadSpecific",
    "faecc279fa94672aba2e3af51fd62304": "library.gameInfo.saveManager.backup",
    "fb25572d09c0013934de75dbf7aa6aa9": "driveSetup.title",
    "fb27fd76330e3a4bd40bcc6245603c2c": "window.dock.right.copyQueue",
    "fb8af35be0ab8bdce4c1351b94fd1bd0": "support.label.provideDetails",
    "fbd721527fc486f7ae71aa4dd2e6abe4": "welcome.text2",
    "fc951b2e2a16ed30f21e072c3f8570b2": "window.dock.bottom.location.ticket",
    "fe2bd2ee97f1e26f1c8e001e66f52c1f": "registration.notice.badDonationKey",
    "fe4c6a5e7bd6793b37370e4e46daf998": "window.tab.advancedSettings",
    "fe585c6995d8662c873ad729deb0f6e9": "injector.animation.title",
    "feb1a740da51fa86cd64d574878907fb": "unpack.3ds.error.exefs",
    "fef46e5063ce3dc78b8ae64fa474241d": "generic.exit",
    "ff88f482b2f58e8bcf42e44be30de27a": "injector.animation.step.four",
    "ffb914db8ef1557017d70fc1ee27b3d8": "feedback.error.tooShort",
    "ffec8918eb509409839f41db116ae592": "library.progress.prepare"
}